Ime elektrarne,Lokacija,Številka reaktorja,Tip,Model,Status,Moč (MW),Začetek gradnje,Začetek delovanja,Datum zaprtja
,Argentina,1,PHWR,Siemens-KWU,Operational,335,1 Jun 1968,24 Jun 1974,
,Argentina,2,PHWR,Siemens-KWU,Operational,692,14 Jul 1981,27 Jun 2014,
,Argentina,3,PWR,Hualong One,,1200,,,
,Argentina,1,PHWR,CANDU-6,Operational,600,1 Apr 1974,20 Jan 1984,
CAREM,Argentina,1,PWR,CAREM25,Under construction,25,8 Feb 2014,,
Metsamor,Armenia,1,PWR,VVER-440/V-270,Shut down,376,1 Jul 1969,6 Oct 1977,25 Feb 1989
Metsamor,Armenia,2,PWR,VVER-440/V-270,Operational,375,1 Jul 1975,3 May 1980,
Zwentendorf,Austria,1,BWR,BWR-69 (KWU),Finished; never entered service,878,Apr 1972,,5 Nov 1978
Rooppur,Bangladesh,1,PWR,VVER-1200/V-523,Under construction,1080,,,
Rooppur,Bangladesh,2,PWR,VVER-1200/V-523,Under construction,1080,14 Jul 2018,(2025),
Ostrovets,Belarus,1,PWR,VVER-1200/V-491,Operational,1109,6 Nov 2013,,
Ostrovets,Belarus,2,PWR,VVER-1200/V-491,Operational,1109,24 Apr 2014,,
Minsk,Belarus,1,PWR,VVER-1000,Unfinished,963,1983,,1987.0
Minsk,Belarus,2,PWR,VVER-1000,Unfinished,963,1983,,1987.0
SCK•CEN,Belgium,1,PWR,Westinghouse (WH) BR-3,Decommissioned,10,1 Nov 1957,10 Oct 1962,30 Jun 1987
Doel,Belgium,1,PWR,WH 2 loops,Operational,445,1 Jul 1969,15 Feb 1975,(2025)
Doel,Belgium,2,PWR,WH 2 loops,Operational,445,1 Sep 1971,1 Dec 1975,(2025)
Doel,Belgium,3,PWR,Framatome 3 loops,Shut down,1006,1 Jan 1975,1 Oct 1982,
Doel,Belgium,4,PWR,Belgian firms plus WH 3 loops,Operational,1039,1 Dec 1978,1 Jul 1985,
Tihange,Belgium,1,PWR,Framatome 3 loops,Operational,962,1 Jun 1970,1 Oct 1975,(2025)
Tihange,Belgium,2,PWR,Framatome 3 loops,Shut down,1008,1 Apr 1976,1 Jun 1983,
Tihange,Belgium,3,PWR,Belgian firms plus WH 3 loops,Operational,1046,1 Nov 1978,1 Sep 1985,(2035)
Angra,Brazil,1,PWR,WH 2 loops,Operational,609,1 May 1971,1 Jan 1985,
Angra,Brazil,2,PWR,Pre-Konvoi,Operational,1275,1 Jan 1976,1 Feb 2001,
Angra,Brazil,3,PWR,Pre-Konvoi,Under construction,1245,1 Jun 2010,,
Kozloduy,Bulgaria,1,PWR,VVER-440/V-230,Shut down,408,1 Apr 1970,28 Oct 1974,31 Dec 2002
Kozloduy,Bulgaria,2,PWR,VVER-440/V-230,Shut down,408,1 Apr 1970,10 Nov 1975,31 Dec 2002
Kozloduy,Bulgaria,3,PWR,VVER-440/V-230,Shut down,408,1 Oct 1973,20 Jan 1981,31 Dec 2006
Kozloduy,Bulgaria,4,PWR,VVER-440/V-230,Shut down,408,1 Oct 1973,20 Jun 1982,31 Dec 2006
Kozloduy,Bulgaria,5,PWR,VVER-1000/V-320,Operational,1003,9 Jul 1980,23 Dec 1988,
Kozloduy,Bulgaria,6,PWR,VVER-1000/V-320,Operational,1003,1 Apr 1982,30 Dec 1993,
Kozloduy,Bulgaria,7,PWR,AP1000,,1150,,,
Kozloduy,Bulgaria,8,PWR,AP1000,,1150,,,
Belene,Bulgaria,1,PWR,VVER-1000/V-320 VVER-1000/V-446B,Unfinished,953 1011,1987 2008,,
Belene,Bulgaria,2,PWR,VVER-1000/V-320 VVER-1000/V-446B,Unfinished,953 1011,1987 2008,,
Pickering,Canada,1,PHWR,CANDU 500A,Operational,515,Jun 1966,29 Jul 1971,(2024)
Pickering,Canada,2,PHWR,CANDU 500A,Shut down,515,Sep 1966,30 Dec 1971,
Pickering,Canada,3,PHWR,CANDU 500A,Shut down,515,Dec 1967,1 Jun 1972,29 Dec 1997
Pickering,Canada,4,PHWR,CANDU 500A,Operational,515,May 1968,17 Jun 1973,(2024)
Pickering,Canada,5,PHWR,CANDU 500B,Operational,516,Nov 1974,10 May 1983,(2026)
Pickering,Canada,6,PHWR,CANDU 500B,Operational,516,Oct 1975,1 Feb 1984,(2026)
Pickering,Canada,7,PHWR,CANDU 500B,Operational,516,Mar 1976,1 Jan 1985,(2026)
Pickering,Canada,8,PHWR,CANDU 500B,Operational,516,Sep 1976,28 Feb 1986,
Darlington,Canada,1,PHWR,CANDU 850,Operational,878,Apr 1982,14 Nov 1992,(2052)
Darlington,Canada,2,PHWR,CANDU 850,Operational,878,Sep 1981,9 Oct 1990,(2050)
Darlington,Canada,3,PHWR,CANDU 850,Operational,878,Sep 1984,14 Feb 1993,(2053)
Darlington,Canada,4,PHWR,CANDU 850,Operational,878,Jul 1985,14 Jun 1993,(2053)
Darlington,Canada,,BWR,BWRX-300,Planned,300,(2023),(2028),
Darlington,Canada,,BWR,BWRX-300,Planned,300,(2023),(2028),
Darlington,Canada,7,BWR,BWRX-300,Planned,300,(2023),(2029),
Darlington,Canada,8,BWR,BWRX-300,Planned,300,(2023),,
Bruce,Canada,1,PHWR,CANDU 791,Operational,823,Jun 1971,1 Sep 1977,(2043)
Bruce,Canada,2,PHWR,CANDU 791,Operational,,Dec 1970,1 Sep 1977,(2043)
Bruce,Canada,3,PHWR,CANDU 750A,Operational,817,Jul 1972,1 Feb 1978,
Bruce,Canada,4,PHWR,CANDU 750A,Operational,817,Sep 1972,18 Jan 1979,(2064)
Bruce,Canada,5,PHWR,CANDU 750B,Operational,817,Jun 1978,1 Mar 1985,(2064)
Bruce,Canada,6,PHWR,CANDU 750B,Operational,,Jan 1978,15 Sep 1984,(2064)
Bruce,Canada,7,PHWR,CANDU 750B,Operational,817,May 1979,10 Apr 1986,(2064)
Bruce,Canada,8,PHWR,CANDU 750B,Operational,817,Aug 1979,22 May 1987,(2064)
NPD,Canada,1,PHWR,CANDU,Shut down,19,Jan 1958,4 Jun 1962,1 Aug 1987
Douglas Point,Canada,1,PHWR,CANDU 200,Shut down,200,Feb 1960,26 Sep 1968,4 May 1984
Gentilly,Canada,1,BWR,CANDU BLWR 250,Shut down,250,Sep 1966,1 May 1972,1 June 1977
Gentilly,Canada,2,PHWR,CANDU-6,Shut down,635,Apr 1974,1 Oct 1983,28 Dec 2012
Point Lepreau,Canada,1,PHWR,CANDU-6,Operational,635,May 1975,1 Feb 1983,(2041)
Bailong,China,1,PWR,CAP-1000,Planned,1100,,,
Bailong,China,2,PWR,CAP-1000,Planned,1100,,,
Changjiang,China,I-1,PWR,CNP-600,Operational,601,25 Apr 2010,25 Dec 2015,
Changjiang,China,I-2,PWR,CNP-600,Operational,601,21 Nov 2010,20 Jun 2016,
Changjiang,China,,PWR,Hualong One,Under construction,1200,,,
Changjiang,China,,PWR,Hualong One,Under construction,1200,,,
Changjiang,China,II-1,PWR,ACP-100,Under construction,100,13 Jul 2021,,
Changjiang,China,II-2,PWR,ACP-100,Planned,100,,,
Daya Bay,China,1,PWR,M-310,Operational,944,7 Aug 1987,1 Feb 1994,
Daya Bay,China,2,PWR,M-310,Operational,944,7 Apr 1988,6 May 1994,
Fangchenggang,China,1,PWR,CPR-1000,Operational,1000,30 Jul 2010,25 Oct 2015,
Fangchenggang,China,2,PWR,CPR-1000,Operational,1000,23 Dec 2010,15 Jul 2016,
Fangchenggang,China,3,PWR,Hualong One,Operational,1000,24 Dec 2015,25 Mar 2023,
Fangchenggang,China,4,PWR,Hualong One,Operational,1000,24 Dec 2016,25 May 2024,
Fangchenggang,China,5,PWR,Hualong One,Planned,1117,,,
Fangchenggang,China,6,PWR,Hualong One,Planned,1117,,,
Fangjiashan,China,1,PWR,CPR-1000,Operational,1012,26 Dec 2008,15 Dec 2014,
Fangjiashan,China,2,PWR,CPR-1000,Operational,1012,17 Jul 2009,12 Feb 2015,
Fuqing,China,1,PWR,CPR-1000,Operational,1000,21 Nov 2008,19 Nov 2014,
Fuqing,China,2,PWR,CPR-1000,Operational,1000,17 Jun 2009,15 Oct 2015,
Fuqing,China,3,PWR,CPR-1000,Operational,1000,31 Dec 2010,7 Sep 2016,
Fuqing,China,4,PWR,CPR-1000,Operational,1000,17 Nov 2012,31 Jul 2017,
Fuqing,China,5,PWR,Hualong One,Operational,1000,15 Apr 2015,,
Fuqing,China,6,PWR,Hualong One,Operational,1000,22 Dec 2015,,
Haiyang,China,1,PWR,AP1000,Operational,1170,24 Sep 2009,,
Haiyang,China,2,PWR,AP1000,Operational,1170,20 Jun 2010,,
Haiyang,China,3,PWR,CAP-1000,Under construction,1100,,,
Haiyang,China,4,PWR,CAP-1000,Under construction,1100,,,
,China,1,PWR,CAP-1000,Planned,1100,,,
,China,2,PWR,CAP-1000,Planned,1100,,,
Hongyanhe,China,1,PWR,CPR-1000,Operational,1061,18 Aug 2007,6 Jun 2013,
Hongyanhe,China,2,PWR,CPR-1000,Operational,1061,28 Mar 2008,13 May 2014,
Hongyanhe,China,3,PWR,CPR-1000,Operational,1061,7 Mar 2009,23 Mar 2015,
Hongyanhe,China,4,PWR,CPR-1000,Operational,1061,15 Aug 2009,1 Apr 2016,
Hongyanhe,China,5,PWR,ACPR-1000,Operational,1061,29 Mar 2015,,
Hongyanhe,China,6,PWR,ACPR-1000,Operational,1061,24 Jul 2015,23 Jun 2022,
Jinqimen,China,1,PWR,Hualong One,Planned,1126,,,
Jinqimen,China,2,PWR,Hualong One,Planned,1126,,,
,China,1,PWR,CAP-1000,Under construction,1100,27 Sep 2023,,
,China,2,PWR,CAP-1000,Under construction,1100,26 April 2024,,
Ling Ao,China,1,PWR,M-310,Operational,950,15 May 1997,28 May 2002,
Ling Ao,China,2,PWR,M-310,Operational,950,28 Nov 1997,8 Jan 2003,
Ling Ao,China,3,PWR,CPR-1000,Operational,1007,15 Dec 2005,15 Sep 2010,
Ling Ao,China,4,PWR,CPR-1000,Operational,1007,15 Jun 2006,7 Aug 2011,
Lufeng,China,1,PWR,CAP-1000,Planned,1100,,,
Lufeng,China,2,PWR,CAP-1000,Planned,1100,,,
Lufeng,China,3,PWR,CAP-1000,Planned,1100,,,
Lufeng,China,4,PWR,CAP-1000,Planned,1100,,,
Lufeng,China,5,PWR,Hualong One,Under construction,1000,,,
Lufeng,China,6,PWR,Hualong One,Under construction,1000,,,
Ningde,China,1,PWR,CPR-1000,Operational,1018,18 Feb 2008,15 Apr 2013,
Ningde,China,2,PWR,CPR-1000,Operational,1018,12 Nov 2008,4 May 2014,
Ningde,China,3,PWR,CPR-1000,Operational,1018,8 Jan 2010,10 Jun 2015,
Ningde,China,4,PWR,CPR-1000,Operational,1018,29 Sep 2010,29 Mar 2016,
Ningde,China,5,PWR,Hualong One,Planned,1080,,,
Ningde,China,6,PWR,Hualong One,Planned,1080,,,
Pengze,China,1,PWR,CAP-1000,Planned,1100,,,
Pengze,China,2,PWR,CAP-1000,Planned,1100,,,
Qinshan,China,I-1,PWR,CNP-300,Operational,308,20 Mar 1985,1 Apr 1994,
Qinshan,China,II-1,PWR,CNP-600,Operational,610,2 Jun 1996,15 Apr 2002,
Qinshan,China,II-2,PWR,CNP-600,Operational,610,1 Apr 1997,3 May 2004,
Qinshan,China,II-3,PWR,CNP-600,Operational,619,28 Apr 2006,5 Oct 2010,
Qinshan,China,II-4,PWR,CNP-600,Operational,619,28 Jan 2007,30 Dec 2011,
Qinshan,China,III-1,PHWR,CANDU-6,Operational,677,8 Jun 1998,31 Dec 2002,
Qinshan,China,III-2,PHWR,CANDU-6,Operational,677,25 Sep 1998,24 Jul 2003,
,China,1,PWR,Hualong One,Under construction,1117,31 Dec 2020,,
,China,2,PWR,Hualong One,Under construction,1000,,,
Sanmen,China,1,PWR,AP1000,Operational,1157,19 Apr 2009,,
Sanmen,China,2,PWR,AP1000,Operational,1157,15 Dec 2009,,
Sanmen,China,3,PWR,CAP-1000,Under construction,1163,,,
Sanmen,China,4,PWR,CAP-1000,Under construction,1100,,,
Shidaowan,China,I-1,HTGR,HTR-PM,Operational,200,9 Dec 2012,,
Shidaowan,China,II-1,PWR,CAP-1400,Planned,1500,,,
Shidaowan,China,II-2,PWR,CAP-1400,Planned,1500,,,
Taipingling,China,1,PWR,Hualong One,Under construction,1116,26 Dec 2019,,
Taipingling,China,2,PWR,Hualong One,Under construction,1116,,,
Taipingling,China,3,PWR,Hualong One,Planned,1116,,,
Taipingling,China,4,PWR,Hualong One,Planned,1116,,,
Taishan,China,1,PWR,EPR,Operational,1660,18 Nov 2009,,
Taishan,China,2,PWR,EPR,Operational,1660,15 Apr 2010,,
Taishan,China,3,PWR,EPR,Planned,1660,,,
Taishan,China,4,PWR,EPR,Planned,1660,,,
Taohuajiang,China,1,PWR,CAP-1000,Planned,1100,,,
Taohuajiang,China,2,PWR,CAP-1000,Planned,1100,,,
Taohuajiang,China,3,PWR,CAP-1000,Planned,1100,,,
Taohuajiang,China,4,PWR,CAP-1000,Planned,1100,,,
Tianwan,China,1,PWR,VVER-1000/V-428,Operational,990,20 Oct 1999,17 May 2007,
Tianwan,China,2,PWR,VVER-1000/V-428,Operational,990,20 Sep 2000,16 Aug 2007,
Tianwan,China,3,PWR,VVER-1000/V-428M,Operational,1045,27 Dec 2012,14 Feb 2018,
Tianwan,China,4,PWR,VVER-1000/V-428M,Operational,1045,27 Sep 2013,,
Tianwan,China,5,PWR,ACPR-1000,Operational,1000,27 Dec 2015,,
Tianwan,China,6,PWR,ACPR-1000,Operational,1000,7 Sep 2016,,
Tianwan,China,7,PWR,VVER-1200/V-491,Under construction,1150,19 May 2021,(2027–2028),
Tianwan,China,8,PWR,VVER-1200/V-491,Under construction,1150,,(2027–2028),
Xianning,China,1,PWR,CAP-1000,Planned,1100,,,
Xianning,China,2,PWR,CAP-1000,Planned,1100,,,
,China,I-1,SFR,CFR-600,Under construction,642,29 Dec 2017,(2024),
,China,I-2,SFR,CFR-600,Under construction,642,,,
,China,II-1,PWR,CAP-1000,Planned,1100,,,
,China,II-2,PWR,CAP-1000,Planned,1100,,,
,China,II-3,PWR,CAP-1000,Planned,1100,,,
,China,II-4,PWR,CAP-1000,Planned,1100,,,
Xudabao,China,1,PWR,CAP-1000,Under construction,1250,,,
Xudabao,China,2,PWR,CAP-1000,Planned,1100,,,
Xudabao,China,3,PWR,VVER-1200/V-491,Under construction,1150,,(2027),
Xudabao,China,4,PWR,VVER-1200/V-491,Under construction,1150,,(2028),
Yangjiang,China,1,PWR,CPR-1000,Operational,1000,16 Dec 2008,25 Mar 2014,
Yangjiang,China,2,PWR,CPR-1000,Operational,1000,4 Jun 2009,8 Jun 2015,
Yangjiang,China,3,PWR,CPR-1000+,Operational,1000,15 Nov 2010,1 Jan 2016,
Yangjiang,China,4,PWR,CPR-1000+,Operational,1000,17 Nov 2012,15 Mar 2017,
Yangjiang,China,5,PWR,ACPR-1000,Operational,1000,18 Sep 2013,,
Yangjiang,China,6,PWR,ACPR-1000,Operational,1000,23 Dec 2013,24 Jul 2019,
Zhangzhou,China,1,PWR,Hualong One,Under construction,1126,,,
Zhangzhou,China,2,PWR,Hualong One,Under construction,1126,,,
Zhangzhou,China,3,PWR,Hualong One,Under construction,1126,22 Feb 2024,,
Zhangzhou,China,4,PWR,Hualong One,Planned,1000,,,
Juragua,Cuba,1,PWR,VVER-440/V-318,Unfinished,440,1983,,5 Sep 1992
Juragua,Cuba,2,PWR,VVER-440/V-318,Unfinished,440,1985,,5 Sep 1992
Dukovany,Czech Republic,1,PWR,VVER-440/V-213,Operational,468,1 Jan 1979,3 May 1985,
Dukovany,Czech Republic,2,PWR,VVER-440/V-213,Operational,471,1 Jan 1979,21 Mar 1986,
Dukovany,Czech Republic,3,PWR,VVER-440/V-213,Operational,468,1 Mar 1979,20 Dec 1986,
Dukovany,Czech Republic,4,PWR,VVER-440/V-213,Operational,471,1 Mar 1979,19 Jul 1987,
Dukovany,Czech Republic,5,PWR,TBD,Planned,1200,,,
Dukovany,Czech Republic,6,PWR,TBD,Planned,1200,,,
Temelín,Czech Republic,1,PWR,VVER-1000/V-320,Operational,1003,1 Feb 1987,10 Jun 2002,
Temelín,Czech Republic,2,PWR,VVER-1000/V-320,Operational,1003,1 Feb 1987,18 Apr 2003,
Temelín,Czech Republic,3,PWR,TBD,Planned,1200,,,
Temelín,Czech Republic,4,PWR,TBD,Planned,1200,,,
El Dabaa,Egypt,1,PWR,VVER-1200/V-529,Under construction,1200,,(2028),
El Dabaa,Egypt,2,PWR,VVER-1200/V-529,Under construction,1200,,,
El Dabaa,Egypt,3,PWR,VVER-1200/V-529,Under construction,1200,,,
El Dabaa,Egypt,4,PWR,VVER-1200/V-529,Under construction,1200,23 Jan 2024,,
Hanhikivi,Finland,1,PWR,VVER-1200/V-491,Cancelled,1200,(2023),(2029),
Loviisa,Finland,1,PWR,VVER-440/V-213,Operational,507,1 May 1971,9 May 1977,
Loviisa,Finland,2,PWR,VVER-440/V-213,Operational,507,1 Aug 1972,5 Jan 1981,
Olkiluoto,Finland,1,BWR,"ASEA-III, BWR-2500",Operational,890,1 Feb 1974,10 Oct 1979,
Olkiluoto,Finland,2,BWR,"ASEA-III, BWR-2500",Operational,890,1 Nov 1975,,
Olkiluoto,Finland,3,PWR,EPR,Operational,1600,12 Aug 2005,,
Belleville,France,1,PWR,P4 REP 1300,Operational,1310,1 May 1980,1 Jun 1988,
Belleville,France,2,PWR,P4 REP 1300,Operational,1310,1 Aug 1980,1 Jan 1989,
Blayais,France,1,PWR,CP1,Operational,910,1 Jan 1977,1 Dec 1981,
Blayais,France,2,PWR,CP1,Operational,910,1 Jan 1977,1 Feb 1983,
Blayais,France,3,PWR,CP1,Operational,910,1 Apr 1978,14 Nov 1983,
Blayais,France,4,PWR,CP1,Operational,910,1 Apr 1978,1 Oct 1983,
Brennilis,France,1,HWGCR,,Shut down/in decommissioning,70,1 Jul 1962,1 Jun 1968,31 Jul 1985
Bugey,France,1,GCR,UNGG,Shut down,540,1 Dec 1965,1 Jul 1972,27 May 1994
Bugey,France,2,PWR,CP0,Operational,910,1 Nov 1972,1 Mar 1979,
Bugey,France,3,PWR,CP0,Operational,910,1 Sep 1973,1 Mar 1979,
Bugey,France,4,PWR,CP0,Operational,880,1 Jun 1974,1 Jul 1979,
Bugey,France,5,PWR,CP0,Operational,880,1 Jul 1974,3 Jan 1980,
Bugey,France,6,PWR,EPR2,Planned,1670,,,
Bugey,France,7,PWR,EPR2,Planned,1670,,,
Cattenom,France,1,PWR,P4 REP 1300,Operational,1300,29 Oct 1979,1 Apr 1987,
Cattenom,France,2,PWR,P4 REP 1300,Operational,1300,28 Jul 1980,1 Feb 1988,
Cattenom,France,3,PWR,P4 REP 1300,Operational,1300,15 Jun 1982,1 Feb 1991,
Cattenom,France,4,PWR,P4 REP 1300,Operational,1300,28 Sep 1983,1 Jan 1992,
Chinon,France,A-1,GCR,UNGG,Shut down,70,1 Feb 1957,1 Feb 1964,16 Apr 1973
Chinon,France,A-2,GCR,UNGG,Shut down,180,1 Aug 1959,24 Feb 1965,14 Jun 1985
Chinon,France,A-3,GCR,UNGG,Shut down,360,1 Mar 1961,4 Aug 1966,15 Jun 1990
Chinon,France,B-1,PWR,CP2,Operational,905,1 Mar 1977,1 Feb 1984,
Chinon,France,B-2,PWR,CP2,Operational,905,1 Mar 1977,1 Aug 1984,
Chinon,France,B-3,PWR,CP2,Operational,905,1 Oct 1980,4 Mar 1987,
Chinon,France,B-4,PWR,CP2,Operational,905,1 Feb 1981,1 Apr 1988,
Chooz,France,A-1,PWR,CHOOZ-A,Decommissioned,305,1 Jan 1962,15 Apr 1967,30 Oct 1991
Chooz,France,B-1,PWR,N4 REP 1450,Operational,1500,1 Jan 1984,15 May 2000,
Chooz,France,B-2,PWR,N4 REP 1450,Operational,1500,1 Jan 1984,15 May 2000,
Civaux,France,1,PWR,N4 REP 1450,Operational,1495,15 Oct 1988,29 Jan 2002,
Civaux,France,2,PWR,N4 REP 1450,Operational,1495,1 Apr 1991,23 Apr 2002,
Cruas,France,1,PWR,CP2,Operational,915,1 Aug 1978,2 Apr 1984,
Cruas,France,2,PWR,CP2,Operational,915,15 Nov 1978,1 Apr 1985,
Cruas,France,3,PWR,CP2,Operational,915,15 Apr 1979,10 Sep 1984,
Cruas,France,4,PWR,CP2,Operational,915,1 Oct 1979,11 Feb 1985,
Dampierre,France,1,PWR,CP1,Operational,890,1 Feb 1975,10 Sep 1980,
Dampierre,France,2,PWR,CP1,Operational,890,1 Apr 1975,16 Feb 1981,
Dampierre,France,3,PWR,CP1,Operational,890,1 Sep 1975,27 May 1981,
Dampierre,France,4,PWR,CP1,Operational,890,1 Dec 1975,20 Nov 1981,
Fessenheim,France,1,PWR,CP0,Shut down,880,1 Sep 1971,1 Jan 1978,22 Feb 2020
Fessenheim,France,2,PWR,CP0,Shut down,880,1 Feb 1972,1 Apr 1978,29 Jun 2020
Flamanville,France,1,PWR,P4 REP 1300,Operational,1330,1 Dec 1979,1 Dec 1986,
Flamanville,France,2,PWR,P4 REP 1300,Operational,1330,1 May 1980,9 Mar 1987,
Flamanville,France,3,PWR,EPR,Under construction,1600,3 Dec 2007,,
Golfech,France,1,PWR,P4 REP 1300,Operational,1310,17 Nov 1982,1 Feb 1991,
Golfech,France,2,PWR,P4 REP 1300,Operational,1310,1 Oct 1984,4 Mar 1994,
Gravelines,France,1,PWR,CP1,Operational,910,1 Feb 1975,25 Nov 1980,
Gravelines,France,2,PWR,CP1,Operational,910,1 Mar 1975,1 Dec 1980,
Gravelines,France,3,PWR,CP1,Operational,910,1 Dec 1975,1 Jun 1981,
Gravelines,France,4,PWR,CP1,Operational,910,1 Apr 1976,1 Oct 1981,
Gravelines,France,5,PWR,CP1,Operational,910,1 Oct 1979,15 Jan 1985,
Gravelines,France,6,PWR,CP1,Operational,910,1 Oct 1979,25 Oct 1985,
Gravelines,France,7,PWR,EPR2,Planned,1670,,,
Gravelines,France,8,PWR,EPR2,Planned,1670,,,
Nogent,France,1,PWR,P4 REP 1300,Operational,1310,26 May 1981,24 Feb 1988,
Nogent,France,2,PWR,P4 REP 1300,Operational,1310,1 Jan 1982,1 May 1989,
Paluel,France,1,PWR,P4 REP 1300,Operational,1330,15 Aug 1977,1 Dec 1985,
Paluel,France,2,PWR,P4 REP 1300,Operational,1330,1 Jan 1978,1 Dec 1985,
Paluel,France,3,PWR,P4 REP 1300,Operational,1330,1 Feb 1979,1 Feb 1986,
Paluel,France,4,PWR,P4 REP 1300,Operational,1330,1 Feb 1980,1 Jun 1986,
Penly,France,1,PWR,P4 REP 1300,Operational,1330,1 Sep 1982,1 Dec 1990,
Penly,France,2,PWR,P4 REP 1300,Operational,1330,1 Aug 1984,1 Nov 1992,
Penly,France,3,PWR,EPR2,Planned,1670,(2024),,
Penly,France,4,PWR,EPR2,Planned,1670,,,
Phénix,France,1,FBR,PH-250,Shut down,130,1 Nov 1968,14 Jul 1974,1 Feb 2010
Saint-Alban,France,1,PWR,P4 REP 1300,Operational,1335,29 Jan 1979,1 May 1986,
Saint-Alban,France,2,PWR,P4 REP 1300,Operational,1335,31 Jul 1979,1 Mar 1987,
Saint-Laurent,France,A-1,GCR,UNGG,Shut down,390,1 Oct 1963,1 Jun 1969,18 Apr 1990
Saint-Laurent,France,A-2,GCR,UNGG,Shut down,465,1 Jan 1966,1 Nov 1971,27 May 1992
Saint-Laurent,France,B-1,PWR,CP2,Operational,915,1 May 1976,1 Aug 1983,
Saint-Laurent,France,B-2,PWR,CP2,Operational,915,1 Jul 1976,1 Aug 1983,
Superphénix,France,1,FBR,Na-1200,Shut down/in decommissioning,1200,13 Dec 1976,1 Dec 1986,31 Dec 1998
Tricastin,France,1,PWR,CP1,Operational,915,1 Nov 1974,1 Dec 1980,
Tricastin,France,2,PWR,CP1,Operational,915,1 Dec 1974,1 Dec 1980,
Tricastin,France,3,PWR,CP1,Operational,915,1 Apr 1975,11 May 1981,
Tricastin,France,4,PWR,CP1,Operational,915,1 May 1975,1 Nov 1981,
AVR,Germany,1,HTGR,PBR Prototype,Shut down,13.0,1 Aug 1961,19 May 1969,31 Dec 1988
Biblis,Germany,1,PWR,Siemens-KWU,Shut down/in decommissioning,1167.0,1 Jan 1970,26 Feb 1975,6 Aug 2011
Biblis,Germany,2,PWR,KWU,Shut down/in decommissioning,1240.0,1 Feb 1972,31 Jan 1977,6 Aug 2011
Brokdorf,Germany,1,PWR,KWU,Shut down,1410.0,1 Jan 1976,22 Dec 1986,31 Dec 2021
Brunsbüttel,Germany,1,BWR,BWR-69,Shut down,771.0,15 Apr 1970,9 Feb 1977,6 Aug 2011
Emsland,Germany,1,PWR,Konvoi (KWU),Shut down,1329.0,10 Aug 1982,20 Jun 1988,15 Apr 2023
Grafenrheinfeld,Germany,1,PWR,KWU,Shut down,1275.0,1 Jan 1975,17 Jun 1982,27 Jun 2015
Greifswald,Germany,1,PWR,VVER-440/V-230,Shut down/in decommissioning,408.0,1 Mar 1970,12 Jul 1974,14 Feb 1990
Greifswald,Germany,2,PWR,VVER-440/V-230,Shut down/in decommissioning,408.0,1 Mar 1970,16 Apr 1975,14 Feb 1990
Greifswald,Germany,3,PWR,VVER-440/V-230,Shut down/in decommissioning,408.0,1 Apr 1972,1 May 1978,28 Feb 1990
Greifswald,Germany,4,PWR,VVER-440/V-230,Shut down/in decommissioning,408.0,1 Apr 1972,1 Nov 1979,22 Jul 1990
Greifswald,Germany,5,PWR,VVER-440/V-213,Shut down/in decommissioning,408.0,1 Dec 1976,1 Nov 1989,24 Nov 1989
Greifswald,Germany,6,PWR,VVER-440/V-213,Finished; never entered service,408.0,,,
Grohnde,Germany,1,PWR,KWU,Shut down,1360.0,1 Jun 1976,1 Feb 1985,
Grosswelzheim,Germany,1,BWR,BWR,Dismantled,25.0,1 Jan 1965,2 Aug 1970,20 Apr 1971
Gundremmingen,Germany,A,BWR,"GE, BWR-1",Shut down/in decommissioning,237.0,12 Dec 1962,12 Apr 1967,13 Jan 1977
Gundremmingen,Germany,B,BWR,BWR-72 (KWU),Shut down,1284.0,20 Jul 1976,19 Jul 1984,
Gundremmingen,Germany,C,BWR,BWR-72 (KWU),Shut down,1288.0,20 Jul 1976,18 Jan 1985,
Isar,Germany,1,BWR,BWR-69,Shut down/in decommissioning,878.0,1 May 1972,21 Mar 1979,6 Aug 2011
Isar,Germany,2,PWR,Konvoi (KWU),Shut down,1410.0,15 Sep 1982,9 Apr 1988,15 Apr 2023
Kahl,Germany,1,BWR,BWR,Dismantled,15.0,1 Jul 1958,1 Feb 1962,25 Nov 1985
SNR-300,Germany,1,FBR,,Finished; never entered service,,1972,,1985
KNK II,Germany,1,FBR,,Shut down,17.0,1 Sep 1974,3 Mar 1979,23 Aug 1991
Krümmel,Germany,1,BWR,BWR-69 (KWU),Shut down,1346.0,5 Apr 1974,28 Mar 1984,6 Aug 2011
Lingen,Germany,1,BWR,BWR,Shut down,183.0,1 Oct 1964,1 Oct 1968,5 Jan 1977
Mülheim-Kärlich,Germany,1,PWR,B & W,Shut down/in decommissioning,1219.0,15 Jan 1975,8 Aug 1987,9 Sep 1988
MZFR,Germany,1,PHWR,PHWR,Shut down,52.0,1 Dec 1961,19 Dec 1966,3 May 1984
Neckarwestheim,Germany,1,PWR,KWU,Shut down,785.0,1 Feb 1972,1 Dec 1976,6 Aug 2011
Neckarwestheim,Germany,2,PWR,Konvoi (KWU),Shut down,1310.0,9 Nov 1982,15 Apr 1989,15 Apr 2023
Niederaichbach,Germany,1,HWGCR,Pressure tube reactor,Shut down/decommissioned,100.0,1 Jun 1966,1 Jan 1973,31 Jul 1974
Obrigheim,Germany,1,PWR,Siemens,Shut down/in decommissioning,340.0,15 Mar 1965,31 Mar 1969,11 May 2005
Philippsburg,Germany,1,BWR,BWR-69,Shut down,890.0,1 Oct 1970,26 Mar 1980,6 Aug 2011
Philippsburg,Germany,2,PWR,KWU,Shut down,1402.0,7 Jul 1977,18 Apr 1985,
Rheinsberg,Germany,1,PWR,VVER-70,Shut down/in decommissioning,62.0,1 Jan 1960,11 Oct 1966,1 Jun 1990
Stade,Germany,1,PWR,Siemens,Shut down/in decommissioning,640.0,1 Dec 1967,19 May 1972,4 Nov 2003
Stendal,Germany,1,PWR,VVER-1000/V-320,Unfinished,,1983,,1990
Stendal,Germany,2,PWR,VVER-1000/V-320,Unfinished,,1983,,1990
THTR-300,Germany,1,HTGR,PBR,Decommissioned,296.0,3 May 1971,1 Jun 1987,29 Sep 1988
Unterweser,Germany,1,PWR,KWU,Shut down/in decommissioning,1345.0,1 Jul 1972,6 Sep 1979,6 Aug 2011
Würgassen,Germany,1,BWR,BWR-69 (AEG),Shut down/in decommissioning,640.0,26 Jan 1968,11 Nov 1975,26 Aug 1994
Paks,Hungary,1,PWR,VVER-440/V-213,Operational,470,1 Aug 1974,10 Aug 1983,
Paks,Hungary,2,PWR,VVER-440/V-213,Operational,473,1 Aug 1974,14 Nov 1984,
Paks,Hungary,3,PWR,VVER-440/V-213,Operational,473,1 Oct 1979,1 Dec 1986,
Paks,Hungary,4,PWR,VVER-440/V-213,Operational,471,1 Oct 1979,1 Nov 1987,
Paks,Hungary,5,PWR,VVER-1200,Planned,1114,(2024),,
Paks,Hungary,6,PWR,VVER-1200,Planned,1114,(2024),,
Chutka,India,1,PHWR,IPHWR-700,Planned,630,,,
Chutka,India,2,PHWR,IPHWR-700,Planned,630,,,
Gorakhpur,India,1,PHWR,IPHWR-700,Under construction,630,,,
Gorakhpur,India,2,PHWR,IPHWR-700,Under construction,630,,,
Gorakhpur,India,3,PHWR,IPHWR-700,Planned,630,,,
Gorakhpur,India,4,PHWR,IPHWR-700,Planned,630,,,
Kaiga,India,1,PHWR,,Operational,202,1 Sep 1989,16 Nov 2000,
Kaiga,India,2,PHWR,,Operational,202,1 Dec 1989,16 Mar 2000,
Kaiga,India,3,PHWR,,Operational,202,30 Mar 2002,6 May 2007,
Kaiga,India,4,PHWR,,Operational,202,10 May 2002,20 Jan 2011,
Kaiga,India,5,PHWR,IPHWR-700,Under construction,630,,,
Kaiga,India,6,PHWR,IPHWR-700,Under construction,630,,,
Kakrapar,India,1,PHWR,,Operational,202,1 Dec 1984,6 May 1993,
Kakrapar,India,2,PHWR,,Operational,202,1 Apr 1985,1 Sep 1995,
Kakrapar,India,3,PHWR,,Operational,630,22 Nov 2010,30 Jun 2023,
Kakrapar,India,4,PHWR,,Operational,630,22 Nov 2010,31 Mar 2024,
Kalpakkam,India,1,SFR,,Under construction,490,23 Oct 2004,,
Kudankulam,India,1,PWR,VVER-1000/V-412,Operational,932,31 Mar 2002,31 Dec 2014,
Kudankulam,India,2,PWR,VVER-1000/V-412,Operational,932,4 Jul 2002,31 Mar 2017,
Kudankulam,India,3,PWR,VVER-1000/V-412,Under construction,917,30 Jun 2017,,
Kudankulam,India,4,PWR,VVER-1000/V-412,Under construction,917,23 Oct 2017,,
Kudankulam,India,5,PWR,VVER-1000/V-412,Under construction,917,29 Jun 2021,,
Kudankulam,India,6,PWR,VVER-1000/V-412,Under construction,917,,,
Madras,India,1,PHWR,,Operation suspended (under maintenance),202,1 Jan 1971,27 Jan 1984,
Madras,India,2,PHWR,,Operational,202,1 Oct 1972,21 Mar 1986,
Mahi Banswara,India,1,PHWR,IPHWR-700,Planned,630,,,
Mahi Banswara,India,2,PHWR,IPHWR-700,Planned,630,,,
Mahi Banswara,India,3,PHWR,IPHWR-700,Planned,630,,,
Mahi Banswara,India,4,PHWR,IPHWR-700,Planned,630,,,
Narora,India,1,PHWR,,Operational,202,1 Dec 1976,1 Jan 1991,
Narora,India,2,PHWR,,Operational,202,1 Nov 1977,1 Jul 1992,
Rajasthan,India,1,PHWR,,Shut down,90,1 Aug 1965,16 Dec 1973,
Rajasthan,India,2,PHWR,,Operational,187,1 Apr 1968,1 Apr 1981,
Rajasthan,India,3,PHWR,,Operational,202,1 Feb 1990,1 Jun 2000,
Rajasthan,India,4,PHWR,,Operational,202,1 Oct 1990,23 Dec 2000,
Rajasthan,India,5,PHWR,,Operational,202,18 Sep 2002,4 Feb 2010,
Rajasthan,India,6,PHWR,,Operational,202,20 Jan 2003,31 Mar 2010,
Rajasthan,India,7,PHWR,,Under construction,630,18 Jul 2011,,
Rajasthan,India,8,PHWR,,Under construction,630,30 Sep 2011,,
Tarapur,India,1,BWR,"BWR-1, Mark 1",Operation suspended (under maintenance),150,1 Oct 1964,28 Oct 1969,
Tarapur,India,2,BWR,"BWR-1, Mark 1",Operation suspended (under maintenance),150,1 Oct 1964,28 Oct 1969,
Tarapur,India,3,PHWR,IPHWR-540,Operational,490,12 May 2000,18 Aug 2006,
Tarapur,India,4,PHWR,IPHWR-540,Operational,490,8 Mar 2000,12 Sep 2005,
Bushehr,Iran,1,PWR,VVER-1000/V-446,Operational,915,1 May 1975,23 Sep 2013,
Bushehr,Iran,2,PWR,VVER-1000/V-528,Under construction,915,27 Sep 2019,,
Bushehr,Iran,3,PWR,VVER-1000,Planned,915,,,
Darkhovin,Iran,1,PWR,,Unfinished; restart planned,360,,,
Caorso,Italy,1,BWR,BWR-4 Mark2,Shut down/in decommissioning,860,1 Jan 1970,1 Dec 1981,1 Jul 1990
Enrico Fermi,Italy,1,PWR,WH 4-loop,Shut down/in decommissioning,260,1 Jul 1961,1 Jan 1965,1 Jul 1990
Garigliano,Italy,1,BWR,BWR-1,Shut down/in decommissioning,150,1 Nov 1959,1 Jun 1964,1 Mar 1982
Latina,Italy,1,GCR,Magnox,Shut down/in decommissioning,153,1 Nov 1958,1 Jan 1964,1 Dec 1987
Alto Lazio,Italy,1,BWR,,Unfinished,982,1 Jul 1982,,1 Jan 1988
Alto Lazio,Italy,2,BWR,,Unfinished,982,1 Jul 1982,,1 Jul 1988
Trino 2 [IT],Italy,1,PWR,,Unfinished,950,,,23 Dec 1987
Trino 2 [IT],Italy,2,PWR,,Unfinished,950,,,23 Dec 1987
Fugen,Japan,1,HWLWR,ATR,Shut down,148,10 May 1972,20 Mar 1979,29 Mar 2003
Fukushima Daiichi,Japan,1,BWR,BWR-3,Inoperable,439,25 Jul 1967,26 Mar 1971,19 May 2011
Fukushima Daiichi,Japan,2,BWR,BWR-4,Inoperable,760,9 Jun 1969,18 Jul 1974,19 May 2011
Fukushima Daiichi,Japan,3,BWR,BWR-4,Inoperable,760,28 Dec 1970,27 Mar 1976,19 May 2011
Fukushima Daiichi,Japan,4,BWR,BWR-4,Inoperable,760,12 Feb 1973,12 Oct 1978,19 May 2011
Fukushima Daiichi,Japan,5,BWR,BWR-4,Shut down,760,22 May 1972,18 Apr 1978,17 Dec 2013
Fukushima Daiichi,Japan,6,BWR,BWR-5,Shut down,1067,26 Oct 1973,24 Oct 1979,17 Dec 2013
Fukushima Daini,Japan,1,BWR,BWR-5,Shut down,1067,16 Mar 1976,20 Apr 1982,30 Sep 2019
Fukushima Daini,Japan,2,BWR,BWR-5,Shut down,1067,25 May 1979,3 Feb 1984,30 Sep 2019
Fukushima Daini,Japan,3,BWR,BWR-5,Shut down,1067,23 Mar 1981,21 Jun 1985,30 Sep 2019
Fukushima Daini,Japan,4,BWR,BWR-5,Shut down,1067,28 May 1981,25 Aug 1987,30 Sep 2019
Genkai,Japan,1,PWR,Mitsubishi (2-loop),Shut down,529,15 Sep 1971,15 Oct 1975,27 Apr 2015
Genkai,Japan,2,PWR,Mitsubishi (2-loop),Shut down,529,1 Feb 1977,30 Mar 1981,9 Apr 2019
Genkai,Japan,3,PWR,Mitsubishi (4-loop),Operational,1127,1 Jun 1988,18 Mar 1994,
Genkai,Japan,4,PWR,Mitsubishi (4-loop),,1127,15 Jul 1992,25 Jul 1997,
Hamaoka,Japan,1,BWR,BWR-4,Shut down,515,10 Jun 1971,17 Mar 1976,30 Jan 2009
Hamaoka,Japan,2,BWR,BWR-4,Shut down,806,14 Jun 1974,29 Nov 1978,30 Jan 2009
Hamaoka,Japan,3,BWR,BWR-5,,1056,18 Apr 1983,28 Aug 1987,
Hamaoka,Japan,4,BWR,BWR-5,,1092,13 Oct 1989,3 Sep 1993,
Hamaoka,Japan,5,BWR,ABWR,Operation suspended,1325,12 Jul 2000,18 Jan 2005,
Higashidōri (Tōhoku),Japan,1,BWR,BWR-5,,1067,7 Nov 2000,8 Dec 2005,
Higashidōri (Tokyo),Japan,1,BWR,ABWR,Unfinished; restart planned,1350,,,
Ikata,Japan,1,PWR,Mitsubishi (2-loop),Shut down,538,1 Sep 1973,30 Sep 1977,25 Mar 2016
Ikata,Japan,2,PWR,Mitsubishi (2-loop),Shut down,538,1 Aug 1978,19 Mar 1982,27 Mar 2018
Ikata,Japan,3,PWR,Mitsubishi (3-loop),Operational,846,1 Oct 1990,15 Dec 1994,
Kashiwazaki-Kariwa,Japan,1,BWR,BWR-5,Operation suspended,1067,5 Jun 1980,18 Sep 1985,
Kashiwazaki-Kariwa,Japan,2,BWR,BWR-5,Operation suspended,1067,18 Nov 1985,28 Sep 1990,
Kashiwazaki-Kariwa,Japan,3,BWR,BWR-5,Operation suspended,1067,7 Mar 1989,11 Aug 1993,
Kashiwazaki-Kariwa,Japan,4,BWR,BWR-5,Operation suspended,1067,5 Mar 1990,11 Aug 1994,
Kashiwazaki-Kariwa,Japan,5,BWR,BWR-5,Operation suspended,1067,20 Jun 1985,10 Apr 1990,
Kashiwazaki-Kariwa,Japan,6,BWR,ABWR,,1315,3 Nov 1992,7 Nov 1996,
Kashiwazaki-Kariwa,Japan,7,BWR,ABWR,,1315,1 Jul 1993,2 Jul 1997,
Mihama,Japan,1,PWR,Mitsubishi (2-loop),Shut down,320,1 Feb 1967,28 Nov 1970,Mar 2015
Mihama,Japan,2,PWR,Mitsubishi (2-loop),Shut down,470,29 May 1968,25 Jul 1972,Mar 2015
Mihama,Japan,3,PWR,Mitsubishi (3-loop),,780,7 Aug 1972,1 Dec 1976,
Monju,Japan,1,FBR,,Shut down,246,10 May 1986,29 Aug 1995,5 Dec 2017
Ōi,Japan,1,PWR,W (4-loop),Shut down,1120,26 Oct 1972,27 Mar 1979,Dec 2017
Ōi,Japan,2,PWR,Westinghouse (4-loop),Shut down,1120,8 Dec 1972,5 Dec 1979,Dec 2017
Ōi,Japan,3,PWR,Mitsubishi (4-loop),Operational,1127,3 Oct 1987,18 Dec 1991,
Ōi,Japan,4,PWR,Mitsubishi (4-loop),,1127,13 Jun 1988,2 Feb 1993,
Ōma,Japan,1,BWR,ABWR,Under construction,1325,7 May 2010,,
Onagawa,Japan,1,BWR,BWR-4,Shut down,498,8 Jul 1980,1 Jun 1984,21 Dec 2018
Onagawa,Japan,2,BWR,BWR-5,,796,12 Apr 1991,28 Jul 1995,
Onagawa,Japan,3,BWR,BWR-5,Operation suspended,796,23 Jan 1998,30 Jan 2002,
Sendai,Japan,1,PWR,Mitsubishi (3-loop),Operational,846,15 Dec 1979,4 Jul 1984,
Sendai,Japan,2,PWR,Mitsubishi (3-loop),Operational,846,12 Oct 1981,28 Nov 1985,
Shika,Japan,1,BWR,BWR-5,Operation suspended,505,1 Jul 1989,30 Jul 1993,
Shika,Japan,2,BWR,ABWR,,1108,20 Aug 2001,15 Mar 2006,
Shimane,Japan,1,BWR,BWR-3,Shut down,439,2 Jul 1970,29 Mar 1974,Mar 2015
Shimane,Japan,2,BWR,BWR-5,,789,2 Feb 1985,10 Feb 1989,
Shimane,Japan,3,BWR,ABWR,Under construction,1325,12 Oct 2007,,
Takahama,Japan,1,PWR,Mitsubishi (3-loop),,780,25 Apr 1970,14 Nov 1974,
Takahama,Japan,2,PWR,Mitsubishi (3-loop),,780,9 Mar 1971,14 Nov 1975,
Takahama,Japan,3,PWR,Mitsubishi (3-loop),Operational,830,12 Dec 1980,17 Jan 1985,
Takahama,Japan,4,PWR,Mitsubishi (3-loop),Operational,830,19 Mar 1981,5 Jun 1985,
Tōkai,Japan,1,GCR,Magnox,Shut down,137,1 Mar 1961,25 Jul 1966,31 Mar 1998
Tōkai,Japan,2,BWR,BWR-5,,1060,3 Oct 1973,28 Nov 1978,
Tomari,Japan,1,PWR,Mitsubishi (2-loop),,550,18 Apr 1985,22 Jun 1989,
Tomari,Japan,2,PWR,Mitsubishi (2-loop),,550,13 Jun 1985,12 Apr 1991,
Tomari,Japan,3,PWR,Mitsubishi (3-loop),,866,18 Nov 2004,22 Dec 2009,
Tsuruga,Japan,1,BWR,BWR-2,Shut down,340,24 Nov 1966,14 Mar 1970,Mar 2015
Tsuruga,Japan,2,PWR,Mitsubishi (4-loop),,1108,6 Nov 1982,17 Feb 1987,
Aktau,Kazakhstan,1,FBR,BN-350,Shut down/in decommissioning,350,1 Oct 1964,16 Jul 1973,22 Apr 1999
Ignalina,Lithuania,1.0,LWGR,RBMK-1500,Shut down/in decommissioning,1185.0,1 May 1977,31 Dec 1983,31 Dec 2004
Ignalina,Lithuania,2.0,LWGR,RBMK-1500,Shut down/in decommissioning,1185.0,1 Jan 1978,Aug 1987,31 Dec 2009
Ignalina,Lithuania,3.0,LWGR,RBMK-1500,Unfinished,1185.0,,,
Ignalina,Lithuania,,,,,,,,
Laguna Verde,Mexico,1,BWR,BWR-5,Operational,777,1 Oct 1976,28 Jul 1990,
Laguna Verde,Mexico,2,BWR,BWR-5,Operational,775,1 Jun 1977,10 Apr 1995,
Borssele,Netherlands,1,PWR,KWU 2LP,Operational,482,1 Jul 1969,26 Oct 1973,(2033)
Dodewaard,Netherlands,1,BWR,BWR-2,Shut down,55,1 May 1965,26 Mar 1969,26 Mar 1997
Yongbyon,North Korea,1,GCR,Magnox (Pu-production),Shut down[citation needed],5[citation needed],,,1994.0
Yongbyon,North Korea,2,,,,30,,,
Taechon,North Korea,1,,,Unfinished,200,,,1994.0
Kumho,North Korea,1,PWR,,Unfinished,1000,,,2003.0
Kumho,North Korea,2,PWR,,Unfinished,1000,,,2003.0
Chashma,Pakistan,1,PWR,CNP-300,Operational,300,1 Aug 1993,15 Sep 2000,
Chashma,Pakistan,2,PWR,CNP-300,Operational,300,28 Dec 2005,18 May 2011,
Chashma,Pakistan,3,PWR,CNP-300,Operational,315,28 May 2011,6 Dec 2016,
Chashma,Pakistan,4,PWR,CNP-300,Operational,313,18 Dec 2011,19 Sep 2017,
Chashma,Pakistan,5,PWR,Hualong One,Planned,1080,,,
Karachi,Pakistan,1,PHWR,CANDU,Shut down,90,1 Aug 1966,7 Dec 1972,1 Aug 2021
Karachi,Pakistan,2,PWR,Hualong One,Operational,1014,23 May 2013,,
Karachi,Pakistan,3,PWR,Hualong One,Operational,1014,31 May 2016,18 Apr 2022,
Bataan,Philippines,1,PWR,Westinghouse,,621,1976,,1986
Żarnowiec,Poland,1,PWR,VVER-440,Unfinished,440,31 Mar 1982,,4 Sep 1990
Żarnowiec,Poland,2,PWR,VVER-440,Unfinished,440,31 Mar 1982,,4 Sep 1990
,Poland,1,PWR,AP1000,Planned,,(2026),,
,Poland,2,PWR,AP1000,Planned,1250,,,
,Poland,3,PWR,AP1000,Planned,1250,,,
,Poland,1,PWR,APR-1400,Planned,1340,,,
,Poland,2,PWR,APR-1400,Planned,1340,,,
Włocławek,Poland,1,BWR,BWRX-300,Planned,300,,,
Ostrołęka,Poland,1,BWR,BWRX-300,Planned,300,,,
Warsaw,Poland,1,BWR,BWRX-300,Planned,300,,,
Tarnobrzeg/Stalowa Wola,Poland,1,BWR,BWRX-300,Planned,300,,,
Dąbrowa Górnicza,Poland,1,BWR,BWRX-300,Planned,300,,,
Stawy Monowskie,Poland,1,BWR,BWRX-300,Planned,300,,,
Kraków,Poland,1,BWR,BWRX-300,Planned,300,,,
Cernavodă,Romania,1,PHWR,CANDU-6,Operational,650,31 Mar 1983,2 Dec 1996,
Cernavodă,Romania,2,PHWR,CANDU-6,Operational,650,1 Jul 1983,1 Nov 2007,
Cernavodă,Romania,3,PHWR,CANDU-6,Unfinished; restart planned,650,,,
Cernavodă,Romania,4,PHWR,CANDU-6,Unfinished; restart planned,650,,,
Cernavodă,Romania,5,PHWR,CANDU-6,Unfinished,650,,,
Akademik Lomonosov,Russia,1,PWR,KLT-40S,Operational,32,15 Apr 2007,,
Akademik Lomonosov,Russia,2,PWR,KLT-40S,Operational,32,15 Apr 2007,19 Dec 2019,
Balakovo,Russia,1,PWR,VVER-1000/V-320,Operational,950,1 Dec 1980,23 May 1986,
Balakovo,Russia,2,PWR,VVER-1000/V-320,Operational,950,1 Aug 1981,18 Jan 1988,
Balakovo,Russia,3,PWR,VVER-1000/V-320,Operational,950,1 Nov 1982,8 Apr 1989,
Balakovo,Russia,4,PWR,VVER-1000/V-320,Operational,950,1 Apr 1984,22 Dec 1993,
Beloyarsk,Russia,1,LWGR,AMB-100,Shut down,102,1 Jun 1958,26 Apr 1964,1 Jan 1983
Beloyarsk,Russia,2,LWGR,AMB-200,Shut down,146,1 Jan 1962,1 Dec 1969,1 Jan 1990
Beloyarsk,Russia,3,SFR,BN-600,Operational,560,1 Jan 1969,1 Nov 1981,
Beloyarsk,Russia,4,SFR,BN-800,Operational,789,18 Jul 2006,10 Dec 2015,
Beloyarsk,Russia,5,SFR,BN-1200,Planned,1100,,,
Bilibino,Russia,1,LWGR,EGP-6,Shut down,11,1 Jan 1970,1 Apr 1974,14 Jan 2019
Bilibino,Russia,2,LWGR,EGP-6,Operational,11,1 Jan 1970,1 Feb 1975,
Bilibino,Russia,3,LWGR,EGP-6,Operational,11,1 Jan 1970,1 Feb 1976,
Bilibino,Russia,4,LWGR,EGP-6,Operational,11,1 Jan 1970,1 Jan 1977,
Kalinin,Russia,1,PWR,VVER-1000/V-338,Operational,950,1 Feb 1977,12 Jun 1985,
Kalinin,Russia,2,PWR,VVER-1000/V-338,Operational,950,1 Feb 1982,3 Mar 1987,
Kalinin,Russia,3,PWR,VVER-1000/V-320,Operational,950,1 Oct 1985,8 Nov 2005,
Kalinin,Russia,4,PWR,VVER-1000/V-320,Operational,950,1 Aug 1986,25 Dec 2012,
Kaliningrad,Russia,1,PWR,VVER-1200/V-491,,1109,22 Feb 2012,,
Kaliningrad,Russia,2,PWR,VVER-1200/V-491,Planned,1109,,,
Kola,Russia,1,PWR,VVER-440/V-230,Operational,441,1 May 1970,28 Dec 1973,
Kola,Russia,2,PWR,VVER-440/V-230,Operational,441,1 May 1970,21 Feb 1975,
Kola,Russia,3,PWR,VVER-440/V-213,Operational,441,1 Apr 1977,3 Dec 1982,
Kola,Russia,4,PWR,VVER-440/V-213,Operational,441,1 Aug 1976,6 Dec 1984,
,Russia,1,PWR,VVER-S-600,Planned,600,(2028),(2034),
,Russia,2,PWR,VVER-S-600,Planned,600,(2028),(2034),
Kostroma,Russia,1,PWR,VVER-1200,Unfinished; restart planned,1300,1979,,
Kostroma,Russia,2,PWR,VVER-1200,Unfinished; restart planned,1300,1979,,
Kostroma,Russia,3,PWR,VVER-1200,Unfinished; restart planned,1300,1979,,
Kostroma,Russia,4,PWR,VVER-1200,Unfinished; restart planned,1300,1979,,
Kursk,Russia,1,LWGR,RBMK-1000,Shut down,925,1 Jun 1972,12 Oct 1977,19 Dec 2021
Kursk,Russia,2,LWGR,RBMK-1000,Shut down,925,1 Jan 1973,17 Aug 1979,
Kursk,Russia,3,LWGR,RBMK-1000,Operational,925,1 Apr 1978,30 Mar 1984,
Kursk,Russia,4,LWGR,RBMK-1000,Operational,925,1 May 1981,5 Feb 1986,
Kursk,Russia,5,LWGR,RBMK-1000,Unfinished,925,1985,,
Kursk,Russia,6,LWGR,RBMK-1000,Unfinished,925,1985,,
Kursk II,Russia,1,PWR,VVER-TOI/V-510,Under construction,1115,29 Apr 2018,,
Kursk II,Russia,2,PWR,VVER-TOI/V-510,Under construction,1115,,,
Kursk II,Russia,3,PWR,VVER-TOI,Planned,1115,,,
Kursk II,Russia,4,PWR,VVER-TOI,Planned,1115,,,
Leningrad,Russia,1,LWGR,RBMK-1000,Shut down,925,1 Mar 1970,1 Nov 1974,
Leningrad,Russia,2,LWGR,RBMK-1000,Shut down,925,1 Jun 1970,11 Feb 1976,10 Nov 2020
Leningrad,Russia,3,LWGR,RBMK-1000,Operational,925,1 Dec 1973,29 Jun 1980,
Leningrad,Russia,4,LWGR,RBMK-1000,Operational,925,1 Feb 1975,29 Aug 1981,
,Russia,1,PWR,VVER-1200/V-491,Operational,1085,25 Oct 2008,29 Oct 2018,
,Russia,2,PWR,VVER-1200/V-491,Operational,1085,15 Apr 2010,22 Mar 2021,
,Russia,3,PWR,VVER-1200,Planned,1085,,(2030),
,Russia,4,PWR,VVER-1200,Planned,1085,(2025),(2032),
,Russia,1,PWR,RITM-200S,Under construction,53,,(2027),
,Russia,2,PWR,RITM-200S,Under construction,53,,(2027),
MPEB No. 2,Russia,1,PWR,RITM-200S,Planned,53,(2022),(2027),
MPEB No. 2,Russia,2,PWR,RITM-200S,Planned,53,(2022),(2027),
MPEB No. 3,Russia,1,PWR,RITM-200S,Planned,53,(2022),(2028),
MPEB No. 3,Russia,2,PWR,RITM-200S,Planned,53,(2022),(2028),
MPEB No. 4,Russia,1,PWR,RITM-200S,Planned,53,(2022),(2031),
MPEB No. 4,Russia,2,PWR,RITM-200S,Planned,53,(2022),(2031),
Nizhny Novgorod,Russia,1,PWR,VVER-1200,Planned,1300,,,
Nizhny Novgorod,Russia,2,PWR,VVER-1200,Planned,1300,,,
Nizhny Novgorod,Russia,3,PWR,VVER-1200,Planned,1300,,,
Nizhny Novgorod,Russia,4,PWR,VVER-1200,Planned,1300,,,
Novovoronezh,Russia,1,PWR,VVER/V-210,Shut down,197,1 Jul 1957,31 Dec 1964,16 Feb 1988
Novovoronezh,Russia,2,PWR,VVER/V-365,Shut down,336,1 Jun 1964,14 Apr 1970,29 Aug 1990
Novovoronezh,Russia,3,PWR,VVER-440/V-179,Shut down,385,1 Jul 1967,29 Jun 1972,25 Dec 2016
Novovoronezh,Russia,4,PWR,VVER 440/V-179,Operational,385,1 Jul 1967,24 Mar 1973,
Novovoronezh,Russia,5,PWR,VVER-1000/V-187,Operational,950,1 Mar 1974,20 Feb 1981,
Novovoronezh II,Russia,1,PWR,VVER-1200/V-392M,Operational,1114,24 Jun 2008,27 Feb 2017,
Novovoronezh II,Russia,2,PWR,VVER-1200/V-392M,Operational,1114,12 Jul 2009,6 Nov 2019,
Novovoronezh II,Russia,3,PWR,VVER-1200,Planned,1175,,,
Novovoronezh II,Russia,4,PWR,VVER-1200,Planned,1175,,,
Obninsk,Russia,1,LWGR,AM-1,Shut down,5,1 Jan 1951,1 Dec 1954,29 Apr 2002
Rostov,Russia,1,PWR,VVER-1000/V-320,Operational,950,1 Sep 1981,25 Dec 2001,
Rostov,Russia,2,PWR,VVER-1000/V-320,Operational,950,1 May 1983,10 Dec 2010,
Rostov,Russia,3,PWR,VVER-1000/V-320,Operational,950,15 Sep 2009,27 Dec 2014,
Rostov,Russia,4,PWR,VVER-1000/V-320,Operational,1011,16 Jun 2010,28 Sep 2018,
Sakha,Russia,1,PWR,RITM-200N,Planned,55,,(2028),
Seversk,Russia,1,FBR,BREST-300,Under construction,280,,(2026),
South Urals,Russia,1,FBR,BN-1200,Unfinished; restart planned,1100,1982,,
South Urals,Russia,2,FBR,BN-1200,Unfinished; restart planned,1100,1982,,
South Urals,Russia,3,FBR,BN-1200,Unfinished; restart planned,1100,1982,,
Smolensk,Russia,1,LWGR,RBMK-1000,Operational,925,1 Oct 1975,30 Sep 1983,
Smolensk,Russia,2,LWGR,RBMK-1000,Operational,925,1 Jun 1976,2 Jul 1985,
Smolensk,Russia,3,LWGR,RBMK-1000,Operational,925,1 May 1984,12 Oct 1990,
,Russia,1,PWR,VVER-TOI,Planned,1300,,,
,Russia,2,PWR,VVER-TOI,Planned,1300,,,
Tatar,Russia,1,PWR,VVER-1200,Unfinished; restart planned,1300,1980,,
Tatar,Russia,2,PWR,VVER-1200,Unfinished; restart planned,1300,1980,,
Bohunice,Slovakia,,HWGCR,KS 150,Decommissioned,93,1 Aug 1958,25 Dec 1972,22 Feb 1977
Bohunice,Slovakia,,PWR,VVER-440/V-230,Shut down,408,24 Apr 1972,1 Apr 1980,31 Dec 2006
Bohunice,Slovakia,2,PWR,VVER-440/V-230,Shut down,408,24 Apr 1972,1 Jan 1981,31 Dec 2008
Bohunice,Slovakia,3,PWR,VVER-440/V-213,Operational,472,1 Dec 1976,14 Feb 1985,(2045)
Bohunice,Slovakia,4,PWR,VVER-440/V-213,Operational,471,1 Dec 1976,18 Dec 1985,(2045)
Mochovce,Slovakia,1,PWR,VVER-440 V-213,Operational,436,13 Oct 1983,29 Oct 1998,(2058)
Mochovce,Slovakia,2,PWR,VVER-440/V-213,Operational,436,13 Oct 1983,11 Apr 2000,(2060)
Mochovce,Slovakia,3,PWR,VVER-440/V-213,Operational,440,27 Jan 1987,,
Mochovce,Slovakia,4,PWR,VVER-440/V-213,Under construction,440,27 Jan 1987,,
Krško,Slovenia,1,PWR,WH 2 loops,Operational,688,30 Mar 1975,1 Jan 1983,
Krško,Slovenia,2,PWR,TBD,Planned,1100,,,
Koeberg,South Africa,1,PWR,CP1 (France),Operational,930,1 Jul 1976,21 Jul 1984,
Koeberg,South Africa,2,PWR,CP1 (France),Operational,930,1 Jul 1976,9 Nov 1985,
Hanbit,South Korea,1,PWR,WH F,Operational,960,4 Jun 1981,25 Aug 1986,
Hanbit,South Korea,2,PWR,WH F,Operational,958,10 Dec 1981,10 Jun 1987,
Hanbit,South Korea,3,PWR,OPR-1000,Operational,997,23 Dec 1989,31 Mar 1995,
Hanbit,South Korea,4,PWR,OPR-1000,Operational,997,26 May 1990,1 Jan 1996,
Hanbit,South Korea,5,PWR,OPR-1000,Operational,997,29 Jun 1997,21 May 2002,
Hanbit,South Korea,6,PWR,OPR-1000,Operational,995,20 Nov 1997,24 Dec 2002,
Hanul,South Korea,1,PWR,CP1 (France),Operational,960,26 Jan 1983,10 Sep 1988,
Hanul,South Korea,2,PWR,CP1 (France),Operational,962,5 Jul 1983,30 Sep 1989,
Hanul,South Korea,3,PWR,OPR-1000,Operational,994,21 Jul 1993,11 Aug 1998,
Hanul,South Korea,4,PWR,OPR-1000,Operational,998,1 Nov 1993,31 Dec 1999,
Hanul,South Korea,5,PWR,OPR-1000,Operational,996,1 Oct 1999,29 Jul 2004,
Hanul,South Korea,6,PWR,OPR-1000,Operational,996,29 Sep 2000,22 Apr 2005,
Shin-Hanul,South Korea,1,PWR,APR-1400,Operational,1340,10 Jul 2012,,
Shin-Hanul,South Korea,2,PWR,APR-1400,Operational,1340,19 Jul 2012,,
Shin-Hanul,South Korea,3,PWR,APR-1400,,1340,,,
Shin-Hanul,South Korea,4,PWR,APR-1400,,1340,,,
Kori,South Korea,1,PWR,WH 60,Shut down,576,27 Apr 1972,29 Apr 1978,18 Jun 2017
Kori,South Korea,2,PWR,WH F,Operational,640,4 Dec 1977,25 Jul 1983,
Kori,South Korea,3,PWR,WH F,Operational,1011,1 Oct 1979,30 Sep 1985,
Kori,South Korea,4,PWR,WH F,Operational,1012,1 Apr 1980,29 Apr 1986,
Shin-Kori,South Korea,1,PWR,OPR-1000,Operational,996,16 Jun 2006,28 Feb 2011,
Shin-Kori,South Korea,2,PWR,OPR-1000,Operational,996,5 Jun 2007,20 Jul 2012,
Saeul,South Korea,1,PWR,APR-1400,Operational,1416,16 Oct 2008,15 Jan 2016,
Saeul,South Korea,2,PWR,APR-1400,Operational,1418,19 Aug 2009,,
Saeul,South Korea,3,PWR,APR-1400,Under construction,1400,1 Apr 2017,,
Saeul,South Korea,4,PWR,APR-1400,Under construction,1400,20 Sep 2018,,
Wolsong,South Korea,1,PHWR,CANDU-6,Shut down,657,30 Oct 1977,22 Apr 1983,24 Dec 2019
Wolsong,South Korea,2,PHWR,CANDU-6,Operational,655,22 Jun 1992,1 Jul 1997,
Wolsong,South Korea,3,PHWR,CANDU-6,Operational,684,17 Mar 1994,1 Jul 1998,
Wolsong,South Korea,4,PHWR,CANDU-6,Operational,688,22 Jul 1994,1 Oct 1999,
Shin-Wolsong,South Korea,1,PWR,OPR-1000,Operational,991,20 Nov 2007,31 Jul 2012,
Shin-Wolsong,South Korea,2,PWR,OPR-1000,Operational,960,23 Sep 2008,26 Feb 2015,
Almaraz,Spain,1,PWR,WH 3 loops,Operational,1011.0,3 Jul 1973,1 Sep 1983,
Almaraz,Spain,2,PWR,WH 3 loops,Operational,1006.0,3 Jul 1973,1 Jul 1984,
Ascó,Spain,1,PWR,WH 3 loops,Operational,995.0,16 May 1974,10 Dec 1984,
Ascó,Spain,2,PWR,WH-3 loops,Operational,997.0,7 Mar 1975,31 Mar 1986,
Cofrentes,Spain,1,BWR,BWR-6,Operational,1064.0,9 Sep 1975,11 Mar 1985,
José Cabrera,Spain,1,PWR,WH 1 loop,Shut down/in decommissioning,141.0,24 Jun 1964,13 Aug 1969,30 Apr 2006
Lemoniz,Spain,1,PWR,,Unfinished,,1972,,1984
Lemoniz,Spain,2,PWR,,Unfinished,,1972,,1984
Santa María de Garoña,Spain,1,BWR,BWR-3,Shut down/in decommissioning,446.0,11 May 1971,15 Feb 1975,6 Jul 2013
Trillo,Spain,1,PWR,KWU 3 loops,Operational,1003.0,17 Aug 1979,6 Aug 1988,
Valdecaballeros,Spain,1,BWR,,Unfinished,,1975,,1984
Valdecaballeros,Spain,2,BWR,,Unfinished,,1975,,1984
Vandellòs,Spain,1,GCR,,Shut down/in decommissioning,480.0,1967,2 Aug 1972,31 Jul 1990
Vandellòs,Spain,2,PWR,WH 3 loops,Operational,1045.0,29 Dec 1980,8 Mar 1988,
Ågesta,Sweden,1,PHWR,R3,Shut down/in decommissioning,10,1 Dec 1957,1 May 1964,2 Jun 1974
Barsebäck,Sweden,1,BWR,ASEA-II,Shut down/in decommissioning,600,1 Feb 1971,1 Jul 1975,30 Nov 1999
Barsebäck,Sweden,2,BWR,ASEA-II,Shut down/in decommissioning,600,1 Jan 1973,1 Jul 1977,31 May 2005
Forsmark,Sweden,1,BWR,"ASEA-III, BWR-2500",Operational,986,1 Jun 1973,10 Dec 1980,
Forsmark,Sweden,2,BWR,"ASEA-III, BWR-2500",Operational,1116,1 Jan 1975,7 Jul 1981,
Forsmark,Sweden,3,BWR,"ASEA-IV, BWR-3000",Operational,1167,1 Jan 1979,18 Aug 1985,
Oskarshamn,Sweden,1,BWR,ASEA-I,Shut down/in decommissioning,473,1 Aug 1966,6 Feb 1972,19 Jun 2017
Oskarshamn,Sweden,2,BWR,ASEA-II,Shut down/in decommissioning,638,1 Sep 1969,1 Jan 1975,22 Dec 2016
Oskarshamn,Sweden,3,BWR,"ASEA-IV, BWR-3000",Operational,1450,1 May 1980,15 Aug 1985,
Marviken,Sweden,1,BHWR,R4,Unfinished,196,1 Apr 1965,,27 May 1970
Ringhals,Sweden,1,BWR,ASEA-I,Shut down/in decommissioning,881,1 Feb 1969,1 Jan 1976,31 Dec 2020
Ringhals,Sweden,2,PWR,WH 3-loops,Shut down/in decommissioning,904,1 Oct 1970,1 May 1975,30 Dec 2019
Ringhals,Sweden,3,PWR,WH 3-loops,Operational,1062,1 Sep 1972,9 Sep 1981,
Ringhals,Sweden,4,PWR,WH 3-loops,Operational,1104,1 Nov 1973,21 Nov 1983,
Beznau,Switzerland,1,PWR,WH 2-loops,Operational,365,1 Sep 1965,1 Sep 1969,(2029)
Beznau,Switzerland,2,PWR,WH 2-loops,Operational,365,1 Jan 1968,1 Dec 1971,(2031)
Gösgen,Switzerland,1,PWR,KWU 3-loops,Operational,1010,1 Dec 1973,1 Nov 1979,
Leibstadt,Switzerland,1,BWR,BWR-6,Operational,1220,1 Jan 1974,15 Dec 1984,
Lucens,Switzerland,1,HWGCR,HWGCR,Decommissioned,6,1 Apr 1962,29 Dec 1966,21 Jan 1969
Mühleberg,Switzerland,1,BWR,BWR-4,Shut down/in decommissioning,373,1 Mar 1967,6 Nov 1972,20 Dec 2019
Jinshan,Taiwan,1,BWR,BWR-4,Shut down/in decommissioning,636,2 Jun 1972,10 Dec 1978,3 Oct 2018
Jinshan,Taiwan,2,BWR,BWR-4,Shut down/in decommissioning,636,7 Dec 1973,15 Jul 1979,3 Oct 2018
Kuosheng,Taiwan,1,BWR,BWR-6,Shut down,985,19 Nov 1975,28 Dec 1981,
Kuosheng,Taiwan,2,BWR,BWR-6,Shut down,985,15 Mar 1976,16 Mar 1983,15 Mar 2023
Lungmen,Taiwan,1,BWR,ABWR,Unfinished,1350,31 Mar 1999,,2014[citation needed]
Lungmen,Taiwan,2,BWR,ABWR,Unfinished,1350,30 Aug 1999,,2014
Maanshan,Taiwan,1,PWR,WH 312 3-loop,Operational,951,21 Aug 1978,27 Jul 1984,
Maanshan,Taiwan,2,PWR,WH 312 3-loop,Operational,951,21 Feb 1979,18 May 1985,
Akkuyu,Turkey,1,PWR,VVER-1200/V-509,Under construction,1114,3 Apr 2018,,
Akkuyu,Turkey,2,PWR,VVER-1200/V-509,Under construction,1114,8 Apr 2020,(2026),
Akkuyu,Turkey,3,PWR,VVER-1200/V-509,Under construction,1114,10 Mar 2021,(2027),
Akkuyu,Turkey,4,PWR,VVER-1200/V-509,Under construction,1114,,(2028),
,Turkey,1,PWR,Atmea-1,Cancelled,1100,,,
,Turkey,2,PWR,Atmea-1,Cancelled,1100,,,
,Turkey,3,PWR,Atmea-1,Cancelled,1100,,,
,Turkey,4,PWR,Atmea-1,Cancelled,1100,,,
Chernobyl,Ukraine,1,LWGR,RBMK-1000,Shut down/in decommissioning,740,1 Mar 1970,27 May 1978,30 Nov 1996
Chernobyl,Ukraine,2,LWGR,RBMK-1000,Shut down/in decommissioning,925,1 Feb 1973,28 May 1979,11 Oct 1991
Chernobyl,Ukraine,3,LWGR,RBMK-1000,Shut down/in decommissioning,925,1 Mar 1976,8 Jun 1982,15 Dec 2000
Chernobyl,Ukraine,4,LWGR,RBMK-1000,Destroyed,925,1 Apr 1979,26 Mar 1984,26 Apr 1986
Chernobyl,Ukraine,5,LWGR,RBMK-1000,Unfinished,925,,,
Chernobyl,Ukraine,6,LWGR,RBMK-1000,Unfinished,925,,,
,Ukraine,1,PWR,AP1000,Planned,1100,,,
,Ukraine,2,PWR,AP1000,Planned,1100,,,
Crimean,Ukraine,1,PWR,VVER-1000,Unfinished,950,26 Jan 1984,,1987
Crimean,Ukraine,2,PWR,VVER-1000,Unfinished,950,26 Jan 1984,,1987
Kharkiv,Ukraine,1,PWR,VVER-1000,Unfinished,900,1988,,1990
Kharkiv,Ukraine,2,PWR,VVER-1000,Unfinished,900,1988,,1990
Khmelnytskyi,Ukraine,1,PWR,VVER-1000/V-320,Operational,950,1 Nov 1981,13 Aug 1988,
Khmelnytskyi,Ukraine,2,PWR,VVER-1000/V-320,Operational,950,1 Feb 1985,15 Dec 2005,
Khmelnytskyi,Ukraine,3,PWR,VVER-1000,Under construction,950,1 Sep 1985,,
Khmelnytskyi,Ukraine,4,PWR,VVER-1000,Under construction,950,1 Jun 1986,(2027),
Khmelnytskyi,Ukraine,5,PWR,AP1000,,1100,"April 11, 2024",(2029),
Khmelnytskyi,Ukraine,6,PWR,AP1000,,1100,"April 11, 2024",(2029),
Odesa,Ukraine,1,PWR,VVER-1000,Unfinished,900,,,1989
Odesa,Ukraine,2,PWR,VVER-1000,Unfinished,900,,,1989
Rivne,Ukraine,1,PWR,VVER-440/V-213,Operational,381,1 Aug 1973,22 Sep 1981,
Rivne,Ukraine,2,PWR,VVER-440/V-213,Operational,376,1 Oct 1973,29 Jul 1982,
Rivne,Ukraine,3,PWR,VVER-1000/V-320,Operational,950,1 Feb 1980,16 May 1987,
Rivne,Ukraine,4,PWR,VVER-1000/V-320,Operational,950,1 Aug 1986,6 Apr 2006,
Rivne,Ukraine,5,PWR,AP1000,,1100,,,
South Ukraine,Ukraine,1,PWR,VVER-1000/V-302,Operational,950,1 Aug 1976,2 Dec 1983,
South Ukraine,Ukraine,2,PWR,VVER-1000/V-338,Operational,950,1 Jul 1981,6 Apr 1985,
South Ukraine,Ukraine,3,PWR,VVER-1000/V-320,Operational,950,1 Nov 1984,29 Dec 1989,
South Ukraine,Ukraine,4,PWR,AP1000,,1100,,,
Zaporizhzhia,Ukraine,1,PWR,VVER-1000/V-320,Operational,950,1 Apr 1980,25 Dec 1985,
Zaporizhzhia,Ukraine,2,PWR,VVER-1000/V-320,Operational,950,1 Jan 1981,15 Feb 1986,
Zaporizhzhia,Ukraine,3,PWR,VVER-1000/V-320,Operational,950,1 Apr 1982,5 Mar 1987,
Zaporizhzhia,Ukraine,4,PWR,VVER-1000/V-320,Operational,950,1 Apr 1983,14 Apr 1988,
Zaporizhzhia,Ukraine,5,PWR,VVER-1000/V-320,Operational,950,1 Nov 1985,27 Oct 1989,
Zaporizhzhia,Ukraine,6,PWR,VVER-1000/V-320,Operational,950,1 Jun 1986,17 Sep 1996,
Barakah,United Arab Emirates,1,PWR,APR-1400,Operational,1345,19 Jul 2012,,
Barakah,United Arab Emirates,2,PWR,APR-1400,Operational,1345,16 Apr 2013,,
Barakah,United Arab Emirates,3,PWR,APR-1400,Operational,1345,24 Sep 2014,,
Barakah,United Arab Emirates,4,PWR,APR-1400,Under commissioning,1345,30 Jul 2015,(2024),
Berkeley,United Kingdom,1,GCR,Magnox,Decommissioned,138,1 Jan 1957,12 Jun 1962,31 Mar 1989
Berkeley,United Kingdom,2,GCR,Magnox,Decommissioned,138,1 Jan 1957,20 Oct 1962,26 Oct 1988
Bradwell,United Kingdom,1,GCR,Magnox,Decommissioned,123,1 Jan 1957,1 Jul 1962,31 Mar 2002
Bradwell,United Kingdom,2,GCR,Magnox,Decommissioned,123,1 Jan 1957,12 Nov 1962,30 Mar 2002
Calder Hall,United Kingdom,1,GCR,Magnox,Shut down/in decommissioning,49,1 Aug 1953,1 Oct 1956,31 Mar 2003
Calder Hall,United Kingdom,2,GCR,Magnox,Shut down/in decommissioning,49,1 Aug 1953,1 Feb 1957,31 Mar 2003
Calder Hall,United Kingdom,3,GCR,Magnox,Shut down/in decommissioning,49,1 Aug 1955,1 May 1958,31 Mar 2003
Calder Hall,United Kingdom,4,GCR,Magnox,Shut down/in decommissioning,49,1 Aug 1955,1 Apr 1959,31 Mar 2003
Chapelcross,United Kingdom,1,GCR,Magnox,Shut down/in decommissioning,48,1 Oct 1955,1 Mar 1959,29 Jun 2004
Chapelcross,United Kingdom,2,GCR,Magnox,Shut down/in decommissioning,48,1 Oct 1955,1 Aug 1959,29 Jun 2004
Chapelcross,United Kingdom,3,GCR,Magnox,Shut down/in decommissioning,48,1 Oct 1955,1 Dec 1959,29 Jun 2004
Chapelcross,United Kingdom,4,GCR,Magnox,Shut down/in decommissioning,48,1 Oct 1955,1 Mar 1960,29 Jun 2004
Dounreay,United Kingdom,1,SFR,DFR,Shut down/in decommissioning,11,1 Mar 1955,1 Oct 1962,1 Mar 1977
Dounreay,United Kingdom,2,SFR,PFR,Shut down/in decommissioning,234,1 Jan 1966,1 Jul 1976,31 Mar 1994
Dungeness A,United Kingdom,A-1,GCR,Magnox,Shut down/in decommissioning,225,1 Jul 1960,28 Oct 1965,31 Dec 2006
Dungeness A,United Kingdom,A-2,GCR,Magnox,Shut down/in decommissioning,225,1 Jul 1960,30 Dec 1965,31 Dec 2006
Dungeness B,United Kingdom,B-1,GCR,AGR,Shut down,520,1 Oct 1965,1 Apr 1985,7 Jun 2021
Dungeness B,United Kingdom,B-2,GCR,AGR,Shut down,520,1 Oct 1965,1 Apr 1989,7 Jun 2021
Hartlepool,United Kingdom,1,GCR,AGR,Operational,595,1 Oct 1968,1 Apr 1989,(2026)
Hartlepool,United Kingdom,2,GCR,AGR,Operational,585,1 Oct 1968,1 Apr 1989,(2026)
Heysham,United Kingdom,A-1,GCR,AGR,Operational,585,1 Dec 1970,1 Apr 1989,(2026)
Heysham,United Kingdom,A-2,GCR,AGR,Operational,575,1 Dec 1970,1 Apr 1989,(2026)
Heysham,United Kingdom,B-1,GCR,AGR,Operational,610,1 Aug 1980,1 Apr 1989,
Heysham,United Kingdom,B-2,GCR,AGR,Operational,610,1 Aug 1980,1 Apr 1989,
Hinkley Point A,United Kingdom,1,GCR,Magnox,Shut down/in decommissioning,235,1 Nov 1957,30 Mar 1965,23 May 2000
Hinkley Point A,United Kingdom,2,GCR,Magnox,Shut down/in decommissioning,235,1 Nov 1957,5 May 1965,23 May 2000
Hinkley Point B,United Kingdom,1,GCR,AGR,Shut down/in decommissioning,435,1 Sep 1967,2 Oct 1978,
Hinkley Point B,United Kingdom,2,GCR,AGR,Shut down/in decommissioning,435,1 Sep 1967,27 Sep 1976,
Hinkley Point C,United Kingdom,1,PWR,EPR,Under construction,1600,11 Dec 2018,,
Hinkley Point C,United Kingdom,2,PWR,EPR,Under construction,1600,12 Dec 2019,,
Hunterston A,United Kingdom,1,GCR,Magnox,Shut down/in decommissioning,150,1 Oct 1957,5 Feb 1964,30 Mar 1990
Hunterston A,United Kingdom,2,GCR,Magnox,Shut down/in decommissioning,150,1 Oct 1957,1 Jul 1964,31 Dec 1989
Hunterston B,United Kingdom,1,GCR,AGR,Shut down,460,1 Nov 1967,6 Feb 1976,26 Nov 2021
Hunterston B,United Kingdom,2,GCR,AGR,Shut down,460,1 Nov 1967,31 Mar 1977,
Oldbury,United Kingdom,1,GCR,Magnox,Shut down/in decommissioning,217,1 May 1962,31 Dec 1967,29 Feb 2012
Oldbury,United Kingdom,2,GCR,Magnox,Shut down/in decommissioning,217,1 May 1962,30 Sep 1968,30 Jun 2011
Sizewell A,United Kingdom,1,GCR,Magnox,Shut down/in decommissioning,210,1 Apr 1961,25 Mar 1966,31 Dec 2006
Sizewell A,United Kingdom,2,GCR,Magnox,Shut down/in decommissioning,210,1 Apr 1961,15 Sep 1966,31 Dec 2006
Sizewell B,United Kingdom,1,PWR,WH SNUPPS,Operational,1191,18 Jul 1988,22 Sep 1995,(2035)
Sizewell C,United Kingdom,1,PWR,EPR,Planned,1600,,,
Sizewell C,United Kingdom,2,PWR,EPR,Planned,1600,,,
Torness,United Kingdom,1,GCR,AGR,Operational,595,1 Aug 1980,25 May 1988,
Torness,United Kingdom,2,GCR,AGR,Operational,595,1 Aug 1980,3 Feb 1989,
Trawsfynydd,United Kingdom,1,GCR,Magnox,Shut down/in decommissioning,195,1 Jul 1959,24 Mar 1965,6 Feb 1991
Trawsfynydd,United Kingdom,2,GCR,Magnox,Shut down/in decommissioning,195,1 Jul 1959,24 Mar 1965,4 Feb 1991
,United Kingdom,1,SGHWR,SGHWR,Shut down/in decommissioning,92,1 May 1963,1 Jan 1968,11 Sep 1990
Wylfa,United Kingdom,1,GCR,Magnox,Shut down/in decommissioning,490,1 Sep 1963,1 Nov 1971,30 Dec 2015
Wylfa,United Kingdom,2,GCR,Magnox,Shut down/in decommissioning,490,1 Sep 1963,3 Jan 1972,25 Apr 2012
Wylfa Newydd,United Kingdom,1,PWR,EPR,Planned,1600,,,
Wylfa Newydd,United Kingdom,2,PWR,EPR,Planned,1600,,,
Arkansas Nuclear One,United States,1,PWR,B & W (DRY-Cont),Operational,836,1 Oct 1968,21 May 1974,
Arkansas Nuclear One,United States,2,PWR,CE (DRY),Operational,988,6 Dec 1968,1 Sep 1978,
Beaver Valley,United States,1,PWR,WH 3-loop (DRY),Operational,908,26 Jun 1970,2 Jul 1976,
Beaver Valley,United States,2,PWR,WH 3-loop (DRY),Operational,905,3 May 1974,14 Aug 1987,
,United States,1,BWR,BWR-1,Dismantled,67,1 May 1960,29 Mar 1963,29 Aug 1997
Braidwood,United States,,PWR,WH 4-loop (DRY),Operational,1194,1 Aug 1975,29 Jul 1988,
Braidwood,United States,,PWR,WH 4-loop (DRY),Operational,1160,1 Aug 1975,17 Oct 1988,
Browns Ferry,United States,1,BWR,BWR-4 (WET),Operational,1200,1 May 1967,1 Aug 1974,
Browns Ferry,United States,2,BWR,BWR-4 (WET),Operational,1200,1 May 1967,1 Mar 1975,
Browns Ferry,United States,3,BWR,BWR-4 (WET),Operational,1210,1 Jul 1968,1 Mar 1977,
Brunswick,United States,1,BWR,BWR-4 (WET),Operational,938,7 Feb 1970,,
Brunswick,United States,2,BWR,BWR-4 (WET),Operational,932,7 Feb 1970,,
Byron,United States,1,PWR,WH 4-loop (DRY),Operational,1164,1 Apr 1975,16 Sep 1985,
Byron,United States,2,PWR,WH 4-loop (DRY),Operational,1136,1 Apr 1975,2 Aug 1987,
Callaway,United States,1,PWR,WH 4-loop (DRY),Operational,1215,1 Sep 1975,19 Dec 1984,
Calvert Cliffs,United States,1,PWR,CE 2-loop (DRY),Operational,877,1 Jun 1968,8 May 1977,
Calvert Cliffs,United States,2,PWR,CE 2-loop (DRY),Operational,855,1 Jun 1968,1 Apr 1977,
,United States,1,PWR,VOYGR,Cancelled,77,,,
,United States,2,PWR,VOYGR,Cancelled,77,,,
,United States,3,PWR,VOYGR,Cancelled,77,,,
,United States,4,PWR,VOYGR,Cancelled,77,,,
,United States,5,PWR,VOYGR,Cancelled,77,,,
,United States,6,PWR,VOYGR,Cancelled,77,,,
Catawba,United States,1,PWR,WH 4-loop (ICECOND),Operational,1160,1 May 1974,29 Jun 1985,
Catawba,United States,2,PWR,WH 4-loop (ICECOND),Operational,1150,1 May 1974,19 Aug 1986,
Clinch River,United States,1,BWR,BWRX-300,Planned,300,,,
Clinch River,United States,2,BWR,BWRX-300,Planned,300,,,
Clinton,United States,1,BWR,BWR-6 (WET),Operational,1062,1 Oct 1975,24 Nov 1987,
Columbia,United States,1,BWR,BWR-5 (WET),Operational,1131,1 Aug 1972,13 Dec 1984,
Comanche Peak,United States,1,PWR,WH 4-loop (DRY),Operational,1205,19 Dec 1974,13 Aug 1990,
Comanche Peak,United States,2,PWR,WH 4-loop (DRY),Operational,1195,19 Dec 1974,3 Aug 1993,
Connecticut Yankee,United States,1,PWR,WH (DRY),Dismantled,582,1 May 1964,1 Jan 1968,5 Dec 1996
Cooper,United States,1,BWR,BWR-4 (WET),Operational,769,1 Jun 1968,1 Jul 1974,
Crystal River 3,United States,1,PWR,B & W (DRY),Shut down/in decommissioning,860,25 Sep 1968,13 Mar 1977,5 Feb 2013
Davis–Besse,United States,1,PWR,B & W (DRY),Operational,894,1 Sep 1970,31 Jul 1978,
Diablo Canyon,United States,1,PWR,WH 4-Loop (DRY),Operational,1138,23 Apr 1968,7 May 1985,
Diablo Canyon,United States,2,PWR,WH 4-Loop (DRY),Operational,1118,9 Dec 1970,13 Mar 1986,
Donald C. Cook,United States,1,PWR,WH 4-Loop (ICECOND),Operational,1020,25 Mar 1969,27 Aug 1975,
Donald C. Cook,United States,2,PWR,WH 4-Loop (ICECOND),Operational,1090,25 Mar 1969,1 Jul 1978,
Dresden,United States,1,BWR,BWR-1,Shut down,197,1 May 1956,4 Jul 1960,31 Oct 1978
Dresden,United States,2,BWR,BWR-3 (WET),Operational,894,10 Jan 1966,9 Jun 1970,
Dresden,United States,3,BWR,BWR-3 (WET),Operational,879,14 Oct 1966,16 Nov 1971,
Duane Arnold,United States,1,BWR,BWR-4 (WET),Shut down,601,22 May 1970,1 Feb 1975,10 Aug 2020
Edwin I. Hatch,United States,1,BWR,BWR-4 (WET),Operational,924,30 Sep 1968,31 Dec 1975,
Edwin I. Hatch,United States,2,BWR,BWR-4 (WET),Operational,924,1 Feb 1972,5 Sep 1979,
Elk River,United States,1,BWR,,Dismantled,22,1 Jan 1959,1 Jul 1964,1 Feb 1968
Fermi,United States,1,FBR,Prototype,Shut down,61,8 Aug 1956,7 Aug 1966,29 Nov 1972
Fermi,United States,2,BWR,BWR-4 (WET),Operational,1115,26 Sep 1972,23 Jan 1988,
Fort Calhoun,United States,1,PWR,CE 2-loop (WET),Shut down,482,7 Jun 1968,9 Aug 1973,24 Oct 2016
Fort St. Vrain,United States,1,HTGR,General Atomics,Shut down,330,1 Sep 1968,1 Jul 1979,29 Aug 1989
Ginna,United States,1,PWR,WH 2-loop (DRY),Operational,560,25 Apr 1966,1 Jun 1970,
Grand Gulf,United States,1,BWR,BWR-6 (WET),Operational,1401,4 May 1974,1 Jul 1985,
H. B. Robinson,United States,1,PWR,WH 3-loop (DRY),Operational,735,13 Apr 1967,7 Mar 1971,
Hallam,United States,1,SGR,Atomics International,Dismantled,75,1 Jan 1959,1 Nov 1963,1 Sep 1969
Hartsville,United States,,BWR,BWR-6,Unfinished,1285,,,
Hartsville,United States,,BWR,BWR-6,Unfinished,1285,,,
Hartsville,United States,,BWR,BWR-6,Unfinished,1285,,,
Hartsville,United States,,BWR,BWR-6,Unfinished,1285,,,
Hope Creek,United States,1,BWR,BWR-4 (WET),Operational,1172,1 Mar 1976,20 Dec 1986,
Humboldt Bay,United States,1,BWR,BWR-1,Dismantled,63,1 Nov 1960,1 Aug 1963,2 Jul 1976
Indian Point,United States,1,PWR,,Shut down,257,1 May 1956,1 Oct 1962,31 Oct 1974
Indian Point,United States,2,PWR,WH 4-loop (DRY),Shut down,998,14 Oct 1966,1 Aug 1974,
Indian Point,United States,3,PWR,WH 4-loop (DRY),Shut down,1030,1 Nov 1968,30 Aug 1976,
James A. FitzPatrick,United States,1,BWR,BWR-4 (WET),Operational,813,1 Sep 1968,28 Jul 1975,
Joseph M. Farley,United States,1,PWR,WH 3-Loop (DRY),Operational,874,1 Oct 1970,1 Dec 1977,
Joseph M. Farley,United States,2,PWR,WH 3-Loop (DRY),Operational,883,1 Oct 1970,30 Jul 1981,
Kemmerer,United States,1,SFR,Natrium,Planned,345,,,
Kewaunee,United States,1,PWR,WH 2-loop (DRY),Shut down,566,6 Aug 1968,16 Jun 1974,7 May 2013
La Crosse,United States,1,BWR,BWR-1,Dismantled,48,1 Mar 1963,7 Nov 1969,30 Apr 1987
LaSalle County,United States,1,BWR,BWR-5 (WET),Operational,1137,10 Sep 1973,1 Jan 1984,
LaSalle County,United States,2,BWR,BWR-5 (WET),Operational,1140,10 Sep 1973,19 Oct 1984,
Limerick,United States,1,BWR,BWR-5 (WET),Operational,1134,19 Jun 1974,1 Feb 1986,
Limerick,United States,2,BWR,BWR-5 (WET),Operational,1134,19 Jun 1974,8 Jan 1990,
Maine Yankee,United States,1,PWR,WH (DRY),Dismantled,860,1 Oct 1968,28 Dec 1972,1 Aug 1997
Marble Hill,United States,1,PWR,WH (DRY),Unfinished,1130,1 Aug 1977,,10 Jan 1984
McGuire,United States,1,PWR,WH 4-Loop (ICECOND),Operational,1158,1 Apr 1971,1 Dec 1981,
McGuire,United States,2,PWR,WH 4-Loop (ICECOND),Operational,1158,1 Apr 1971,1 Mar 1984,
Millstone,United States,1,BWR,BWR-3 (WET),Shut down,641,1 May 1966,28 Dec 1970,21 Jul 1998
Millstone,United States,2,PWR,CE 2-loop (DRY),Operational,869,1 Nov 1969,26 Dec 1975,
Millstone,United States,3,PWR,WH 4-Loop (DRY),Operational,1210,9 Aug 1974,23 Apr 1986,
Monticello,United States,1,BWR,BWR-3 (WET),Operational,628,19 Jun 1967,30 Jun 1971,
Nine Mile Point,United States,1,BWR,BWR-2 (WET),Operational,613,12 Apr 1965,1 Dec 1969,
Nine Mile Point,United States,2,BWR,BWR-5 (WET),Operational,1277,1 Aug 1975,11 Mar 1988,
North Anna,United States,1,PWR,WH 3-Loop (DRY),Operational,948,19 Feb 1971,6 Jun 1978,
North Anna,United States,2,PWR,WH 3-Loop (DRY),Operational,944,19 Feb 1971,14 Dec 1980,
Oconee,United States,1,PWR,B & W (DRY),Operational,847,6 Nov 1967,15 Jul 1973,
Oconee,United States,2,PWR,B & W (DRY),Operational,848,6 Nov 1967,9 Sep 1974,
Oconee,United States,3,PWR,B & W (DRY),Operational,859,6 Nov 1967,16 Dec 1974,
Oyster Creek,United States,1,BWR,BWR-2 (WET),Shut down,619,15 Dec 1964,23 Dec 1969,17 Sep 2018
Palisades,United States,1,PWR,CE 2-loop (DRY),Shut down,805,14 Mar 1967,31 Dec 1971,20 May 2022
Palo Verde,United States,1,PWR,CE80 2-loop (DRY),Operational,1311,25 May 1976,28 Jan 1986,
Palo Verde,United States,2,PWR,CE80 2-loop (DRY),Operational,1314,1 Jun 1976,19 Sep 1986,
Palo Verde,United States,3,PWR,CE80 2-loop (DRY),Operational,1312,1 Jun 1976,8 Jan 1988,
Parr,United States,1,PHWR,CVTR,Dismantled,17,1 Jan 1960,18 Dec 1963,10 Jan 1967
Pathfinder,United States,1,BWR,BWR-1,Dismantled,59,1 Jan 1959,1 Aug 1966,1 Oct 1967
Peach Bottom,United States,1,GCR,Prototype,Shut down,40,1 Feb 1962,1 Jun 1966,1 Nov 1974
Peach Bottom,United States,2,BWR,BWR-4 (WET),Operational,1300,31 Jan 1968,5 Jul 1974,
Peach Bottom,United States,3,BWR,BWR-4 (WET),Operational,1331,31 Jan 1968,23 Dec 1974,
Perry,United States,1,BWR,BWR-6 (WET),Operational,1240,1 Oct 1974,18 Nov 1987,
Pilgrim,United States,1,BWR,BWR-3 (WET),Shut down,677,26 Aug 1968,9 Dec 1972,31 May 2019
Piqua,United States,1,OCR,Atomics International,Decommissioned,12,1 Jan 1960,1 Nov 1963,1 Jan 1966
Point Beach,United States,1,PWR,WH 2-loop (DRY),Operational,591,19 Jul 1967,21 Dec 1970,
Point Beach,United States,2,PWR,WH 2-loop (DRY),Operational,591,25 Jul 1968,1 Oct 1972,
Prairie Island,United States,1,PWR,WH 2-loop (DRY),Operational,522,25 Jun 1968,16 Dec 1973,
Prairie Island,United States,2,PWR,WH 2-loop (DRY),Operational,519,25 Jun 1969,21 Dec 1974,
Quad Cities,United States,1,BWR,BWR-4 (WET),Operational,908,15 Feb 1967,18 Feb 1973,
Quad Cities,United States,2,BWR,BWR-4 (WET),Operational,911,15 Feb 1967,10 Mar 1973,
Rancho Seco,United States,1,PWR,WH (DRY),Decommissioned,873,1 Apr 1969,17 Apr 1975,23 Jun 1989
River Bend,United States,1,BWR,BWR-6 (WET),Operational,967,25 Mar 1977,16 Jun 1986,
Salem,United States,1,PWR,WH 4-loop (DRY),Operational,1169,25 Sep 1968,30 Jun 1977,
Salem,United States,2,PWR,WH 4-loop (DRY),Operational,1158,25 Sep 1968,31 Oct 1981,
San Onofre,United States,1,PWR,WH (DRY),Dismantled,436,16 Jul 1964,1 Jan 1968,30 Nov 1992
San Onofre,United States,2,PWR,CE (DRY),Shut down/in decommissioning,1070,1 Mar 1974,8 Aug 1983,7 Jun 2013
San Onofre,United States,3,PWR,CE (DRY),Shut down/in decommissioning,1180,1 Mar 1974,1 Apr 1984,7 Jun 2013
Saxton,United States,1,PWR,,Decommissioned,3,1 Jan 1960,Nov 1961,May 1972
Seabrook,United States,1,PWR,WH 4-Loop (DRY),Operational,1246,7 Jul 1976,15 Mar 1990,
Seadrift,United States,1,HTGR,Xe-100,Planned,80,,,
Seadrift,United States,2,HTGR,Xe-100,Planned,80,,,
Seadrift,United States,3,HTGR,Xe-100,Planned,80,,,
Seadrift,United States,4,HTGR,Xe-100,Planned,80,,,
Sequoyah,United States,1,PWR,WH 4-Loop (ICECOND),Operational,1152,27 May 1970,1 Jul 1981,
Sequoyah,United States,2,PWR,WH 4-Loop (ICECOND),Operational,1139,27 May 1970,1 Jun 1982,
Shearon Harris,United States,1,PWR,WH 3-Loop (DRY),Operational,964,28 Jan 1978,2 May 1987,
Shippingport,United States,1,PWR,WH,Dismantled,60,6 Sep 1954,26 May 1958,Dec 1989
Shoreham,United States,1,BWR,GE,Shut down,820,1 Nov 1972,1 Aug 1986,1 May 1989
SRE,United States,1,FBR,,Decommissioned,6.5,1954,12 Jul 1957,15 Feb 1964
South Texas,United States,1,PWR,WH 4-loop (DRY),Operational,1280,22 Dec 1975,25 Aug 1988,
South Texas,United States,2,PWR,WH 4-loop (DRY),Operational,1280,22 Dec 1975,19 Jun 1989,
St. Lucie,United States,1,PWR,CE (DRY),Operational,981,1 Jul 1970,1 Mar 1976,
St. Lucie,United States,2,PWR,CE (DRY),Operational,987,2 Jun 1977,10 Jun 1983,
Surry,United States,1,PWR,WH 3-loop (DRY),Operational,838,25 Jun 1968,22 Dec 1972,
Surry,United States,2,PWR,WH 3-loop (DRY),Operational,838,25 Jun 1968,1 May 1973,
Susquehanna,United States,1,BWR,BWR-5 (WET),Operational,1257,2 Nov 1973,12 Nov 1982,
Susquehanna,United States,2,BWR,BWR-5 (WET),Operational,1257,2 Nov 1973,27 Jun 1984,
Three Mile Island,United States,1,PWR,B & W (DRY),Shut down,819,18 May 1968,2 Sep 1974,20 Sep 2019
Three Mile Island,United States,2,PWR,B & W (DRY),Core melt,880,1 Nov 1969,30 Dec 1978,28 Mar 1979
Trojan,United States,1,PWR,WH (DRY),Dismantled,1095,1 Feb 1970,20 May 1976,9 Nov 1992
Turkey Point,United States,3,PWR,WH 3-Loop (DRY),Operational,829,27 Apr 1967,14 Dec 1972,
Turkey Point,United States,4,PWR,WH 3-Loop (DRY),Operational,821,27 Apr 1967,7 Sep 1973,
Turkey Point,United States,6,PWR,AP1000,Planned,1117,,,
Turkey Point,United States,7,PWR,AP1000,Planned,1117,,,
Vallecitos,United States,1,BWR,BWR-1,Shut down,25,1 Jan 1956,19 Oct 1957,9 Dec 1963
Vermont Yankee,United States,1,BWR,BWR-4 (WET),Shut down,,11 Dec 1967,30 Nov 1972,
Virgil C. Summer,United States,1,PWR,WH 3-Loop (DRY),Operational,973,21 Mar 1973,1 Jan 1984,
Virgil C. Summer,United States,2,PWR,AP1000,Unfinished,1117,9 Mar 2013,,
Virgil C. Summer,United States,3,PWR,AP1000,Unfinished,1117,2 Nov 2013,,
Vogtle,United States,1,PWR,WH 4-Loop (DRY),Operational,1150,1 Aug 1976,1 Jun 1987,
Vogtle,United States,2,PWR,WH 4-Loop (DRY),Operational,1152,1 Aug 1976,20 May 1989,
Vogtle,United States,3,PWR,AP1000,Operational,1117,12 Mar 2013,,
Vogtle,United States,4,PWR,AP1000,Operational,1117,19 Nov 2013,,
Waterford,United States,1,PWR,CE 2-loop (DRY),Operational,1168,14 Nov 1974,24 Sep 1985,
Watts Bar,United States,1,PWR,WH 4-Loop (ICECOND),Operational,1157,20 Jul 1973,27 May 1996,
Watts Bar,United States,2,PWR,WH 4-Loop (ICECOND),Operational,1164,1 Sep 1973,4 Jun 2016,
Wolf Creek,United States,1,PWR,WH 4-Loop (DRY),Operational,1200,31 May 1977,3 Sep 1985,
Yankee Rowe,United States,1,PWR,WH (DRY),Dismantled,167,1 Nov 1957,1 Jul 1961,1 Oct 1991
Zion,United States,1,PWR,WH (DRY),Dismantled,1040,1 Dec 1968,31 Dec 1973,13 Feb 1998
Zion,United States,2,PWR,WH (DRY),Dismantled,1040,1 Dec 1968,17 Sep 1974,13 Feb 1998
Plant in the Jizzakh Region,Uzbekistan,1,PWR,VVER-1200,Planned,1200,,,
Plant in the Jizzakh Region,Uzbekistan,2,PWR,VVER-1200,Planned,1200,,,
